comparison_key,raw_naics_examples_left,source_row_count_left,covered_employment_2024,occupation_count,karpathy_score,variant,comparison_level_left,source_file_left,karpathy_zscore,karpathy_percentile,raw_naics_examples_right,raw_title_examples,source_row_count_right,metric_value,metric_name,comparison_level_right,source_file_right,sheet_name,metric_zscore,metric_percentile,comparison_title
1133,113300,1,33400,11,3.4162,repo_original,naics4,custom_industry_exposure_repo_original_4digit.csv,-1.3644037057552352,0.10215053763440861,113300,Logging,1,-1.73983,felten_language_modeling_aiie,naics4,Language_Modeling_AIOE_and_AIIE.xlsx,LM AIIE,-1.7370512525404043,0.008130081300813009,Logging
2121,212100,1,18400,32,3.6685,repo_original,naics4,custom_industry_exposure_repo_original_4digit.csv,-1.1875460572782817,0.13978494623655913,212100,Coal Mining,1,-1.38403,felten_language_modeling_aiie,naics4,Language_Modeling_AIOE_and_AIIE.xlsx,LM AIIE,-1.3824988656389101,0.06097560975609756,Coal mining
2122,212200,1,24100,58,4.1701,repo_original,naics4,custom_industry_exposure_repo_original_4digit.csv,-0.8359337050149451,0.22043010752688172,212200,Metal Ore Mining,1,-1.112581,felten_language_modeling_aiie,naics4,Language_Modeling_AIOE_and_AIIE.xlsx,LM AIIE,-1.1120017018614405,0.15040650406504066,Metal ore mining
2123,212300,1,47700,45,4.4885,repo_original,naics4,custom_industry_exposure_repo_original_4digit.csv,-0.6127411751890947,0.27419354838709675,212300,Nonmetallic Mineral Mining and Quarrying,1,-1.219409,felten_language_modeling_aiie,naics4,Language_Modeling_AIOE_and_AIIE.xlsx,LM AIIE,-1.2184551093597902,0.08130081300813008,Nonmetallic mineral mining and quarrying
2211,221100,1,295300,120,5.4067,repo_original,naics4,custom_industry_exposure_repo_original_4digit.csv,0.03090009643808971,0.5483870967741935,221100,"Electric Power Generation, Transmission and Distribution",1,0.0499917,felten_language_modeling_aiie,naics4,Language_Modeling_AIOE_and_AIIE.xlsx,LM AIIE,0.04649443566389598,0.573170731707317,"Electric power generation, transmission and distribution"
2212,221200,1,61300,83,5.9788,repo_original,naics4,custom_industry_exposure_repo_original_4digit.csv,0.43193164892982594,0.7043010752688172,221200,Natural Gas Distribution,1,0.2033846,felten_language_modeling_aiie,naics4,Language_Modeling_AIOE_and_AIIE.xlsx,LM AIIE,0.19934946328824169,0.6056910569105691,Natural gas distribution
2213,221300,1,42700,48,5.2131,repo_original,naics4,custom_industry_exposure_repo_original_4digit.csv,-0.10480993426004025,0.45698924731182794,221300,"Water, Sewage and Other Systems",1,-0.2695695,felten_language_modeling_aiie,naics4,Language_Modeling_AIOE_and_AIIE.xlsx,LM AIIE,-0.27194622263038665,0.44308943089430897,"Water, sewage and other systems"
2361,236100,1,712900,86,3.8531,repo_original,naics4,custom_industry_exposure_repo_original_4digit.csv,-1.0581448606518622,0.16129032258064516,236100,Residential Building Construction,1,-0.7263659,felten_language_modeling_aiie,naics4,Language_Modeling_AIOE_and_AIIE.xlsx,LM AIIE,-0.7271408655421621,0.3130081300813008,Residential building construction
2362,236200,1,668800,97,4.1882,repo_original,naics4,custom_industry_exposure_repo_original_4digit.csv,-0.8232459387151713,0.22580645161290322,236200,Nonresidential Building Construction,1,-0.7161099,felten_language_modeling_aiie,naics4,Language_Modeling_AIOE_and_AIIE.xlsx,LM AIIE,-0.716920828217649,0.3170731707317073,Nonresidential building construction
2371,237100,1,419800,89,3.1963,repo_original,naics4,custom_industry_exposure_repo_original_4digit.csv,-1.5185495515740304,0.053763440860215055,237100,Utility System Construction,1,-1.218836,felten_language_modeling_aiie,naics4,Language_Modeling_AIOE_and_AIIE.xlsx,LM AIIE,-1.2178841185849318,0.08536585365853659,Utility system construction
2372,237200,1,27800,47,5.6079,repo_original,naics4,custom_industry_exposure_repo_original_4digit.csv,0.17193758701899753,0.6236559139784946,237200,Land Subdivision,1,0.4659384,felten_language_modeling_aiie,naics4,Language_Modeling_AIOE_and_AIIE.xlsx,LM AIIE,0.46098261809447416,0.6747967479674797,Land subdivision
2373,237300,1,280500,65,3.313,repo_original,naics4,custom_industry_exposure_repo_original_4digit.csv,-1.4367450031108497,0.07526881720430108,237300,"Highway, Street, and Bridge Construction",1,-1.362089,felten_language_modeling_aiie,naics4,Language_Modeling_AIOE_and_AIIE.xlsx,LM AIIE,-1.3606348017799847,0.06504065040650407,"Highway, street, and bridge construction"
2379,237900,1,101500,64,3.3596,repo_original,naics4,custom_industry_exposure_repo_original_4digit.csv,-1.4040792622506595,0.08064516129032258,237900,Other Heavy and Civil Engineering Construction,1,-1.16696,felten_language_modeling_aiie,naics4,Language_Modeling_AIOE_and_AIIE.xlsx,LM AIIE,-1.1661900218370345,0.11382113821138211,Other heavy and civil engineering construction
2381,238100,1,642800,78,3.0316,repo_original,naics4,custom_industry_exposure_repo_original_4digit.csv,-1.6340012150863341,0.03763440860215054,238100,"Foundation, Structure, and Building Exterior Contractors",1,-1.621387,felten_language_modeling_aiie,naics4,Language_Modeling_AIOE_and_AIIE.xlsx,LM AIIE,-1.6190235730525635,0.012195121951219513,"Foundation, structure, and building exterior contractors"
2382,238200,1,1885000,105,3.41,repo_original,naics4,custom_industry_exposure_repo_original_4digit.csv,-1.36874979144908,0.0967741935483871,238200,Building Equipment Contractors,1,-0.9264848,felten_language_modeling_aiie,naics4,Language_Modeling_AIOE_and_AIIE.xlsx,LM AIIE,-0.9265580483951733,0.2032520325203252,Building equipment contractors
2383,238300,1,640700,69,2.6757,repo_original,naics4,custom_industry_exposure_repo_original_4digit.csv,-1.8834805535443118,0.016129032258064516,238300,Building Finishing Contractors,1,-1.44051,felten_language_modeling_aiie,naics4,Language_Modeling_AIOE_and_AIIE.xlsx,LM AIIE,-1.4387808184556508,0.04878048780487805,Building finishing contractors
2389,238900,1,566700,80,3.3815,repo_original,naics4,custom_industry_exposure_repo_original_4digit.csv,-1.388727766009497,0.08602150537634409,238900,Other Specialty Trade Contractors,1,-1.392268,felten_language_modeling_aiie,naics4,Language_Modeling_AIOE_and_AIIE.xlsx,LM AIIE,-1.3907079790826833,0.056910569105691054,Other specialty trade contractors
3111,311100,1,28500,50,5.614,repo_original,naics4,custom_industry_exposure_repo_original_4digit.csv,0.17621357455649025,0.6290322580645161,311100,Animal Food Manufacturing,1,-0.8605075,felten_language_modeling_aiie,naics4,Language_Modeling_AIOE_and_AIIE.xlsx,LM AIIE,-0.8608120978715197,0.23577235772357724,Animal food manufacturing
3112,311200,1,25000,58,5.136,repo_original,naics4,custom_industry_exposure_repo_original_4digit.csv,-0.15885561280769409,0.44623655913978494,311200,Grain and Oilseed Milling,1,-0.7862635,felten_language_modeling_aiie,naics4,Language_Modeling_AIOE_and_AIIE.xlsx,LM AIIE,-0.7868284345406751,0.2764227642276423,Grain and oilseed milling
3113,311300,1,22100,54,5.2986,repo_original,naics4,custom_industry_exposure_repo_original_4digit.csv,-0.04487601057878927,0.5161290322580645,311300,Sugar and Confectionery Product Manufacturing,1,-0.7428267,felten_language_modeling_aiie,naics4,Language_Modeling_AIOE_and_AIIE.xlsx,LM AIIE,-0.7435439457285254,0.2967479674796748,Sugar and confectionery product manufacturing
3114,311400,1,54300,60,4.5985,repo_original,naics4,custom_industry_exposure_repo_original_4digit.csv,-0.5356332032015212,0.3010752688172043,311400,Fruit and Vegetable Preserving and Specialty Food Manufacturing,1,-0.9997897,felten_language_modeling_aiie,naics4,Language_Modeling_AIOE_and_AIIE.xlsx,LM AIIE,-0.9996059046812198,0.18292682926829268,Fruit and vegetable preserving and specialty food manufacturing
3115,311500,1,52600,60,4.8099,repo_original,naics4,custom_industry_exposure_repo_original_4digit.csv,-0.3874457006726746,0.3602150537634409,311500,Dairy Product Manufacturing,1,-0.8946212,felten_language_modeling_aiie,naics4,Language_Modeling_AIOE_and_AIIE.xlsx,LM AIIE,-0.8948061781442614,0.21544715447154472,Dairy product manufacturing
3116,311600,1,136100,72,3.964,repo_original,naics4,custom_industry_exposure_repo_original_4digit.csv,-0.9804060052571173,0.1774193548387097,311600,Animal Slaughtering and Processing,1,-1.515035,felten_language_modeling_aiie,naics4,Language_Modeling_AIOE_and_AIIE.xlsx,LM AIIE,-1.5130444964596808,0.036585365853658534,Animal slaughtering and processing
3117,311700,1,7800,35,4.8974,repo_original,naics4,custom_industry_exposure_repo_original_4digit.csv,-0.32610981386437693,0.3924731182795699,311700,Seafood Product Preparation and Packaging,1,-1.162078,felten_language_modeling_aiie,naics4,Language_Modeling_AIOE_and_AIIE.xlsx,LM AIIE,-1.1613251405755023,0.11788617886178862,Seafood product preparation and packaging
3118,311800,1,186800,61,3.5123,repo_original,naics4,custom_industry_exposure_repo_original_4digit.csv,-1.2970393775006364,0.11827956989247312,311800,Bakeries and Tortilla Manufacturing,1,-0.7666731,felten_language_modeling_aiie,naics4,Language_Modeling_AIOE_and_AIIE.xlsx,LM AIIE,-0.7673067283002168,0.2886178861788618,Bakeries and tortilla manufacturing
3119,311900,1,92500,72,4.8011,repo_original,naics4,custom_industry_exposure_repo_original_4digit.csv,-0.3936143384316804,0.34946236559139787,311900,Other Food Manufacturing,1,-0.8497112,felten_language_modeling_aiie,naics4,Language_Modeling_AIOE_and_AIIE.xlsx,LM AIIE,-0.8500536551095619,0.23983739837398374,Other food manufacturing
3121,312100,1,157000,76,4.1573,repo_original,naics4,custom_industry_exposure_repo_original_4digit.csv,-0.8449062690280442,0.21505376344086022,312100,Beverage Manufacturing,1,-0.5721259,felten_language_modeling_aiie,naics4,Language_Modeling_AIOE_and_AIIE.xlsx,LM AIIE,-0.573441708274915,0.36585365853658536,Beverage manufacturing
3122,312200,1,4500,24,5.2667,repo_original,naics4,custom_industry_exposure_repo_original_4digit.csv,-0.06723732245518586,0.489247311827957,312200,Tobacco Manufacturing,1,-0.9705914,felten_language_modeling_aiie,naics4,Language_Modeling_AIOE_and_AIIE.xlsx,LM AIIE,-0.9705099885528727,0.1910569105691057,Tobacco manufacturing
3211,321100,1,26200,40,4.4733,repo_original,naics4,custom_industry_exposure_repo_original_4digit.csv,-0.6233960949546504,0.26344086021505375,321100,Sawmills and Wood Preservation,1,-1.499142,felten_language_modeling_aiie,naics4,Language_Modeling_AIOE_and_AIIE.xlsx,LM AIIE,-1.4972072252819815,0.04065040650406504,Sawmills and wood preservation
3212,321200,1,22400,44,5.2143,repo_original,naics4,custom_industry_exposure_repo_original_4digit.csv,-0.10396875638381227,0.46236559139784944,321200,"Veneer, Plywood, and Engineered Wood Product Manufacturing",1,-1.211077,felten_language_modeling_aiie,naics4,Language_Modeling_AIOE_and_AIIE.xlsx,LM AIIE,-1.210152325527122,0.08943089430894309,"Veneer, plywood, and engineered wood product manufacturing"
3219,321900,1,75500,66,4.7073,repo_original,naics4,custom_industry_exposure_repo_original_4digit.csv,-0.4593664090901751,0.3172043010752688,321900,Other Wood Product Manufacturing,1,-1.183151,felten_language_modeling_aiie,naics4,Language_Modeling_AIOE_and_AIIE.xlsx,LM AIIE,-1.1823242480774,0.1016260162601626,Other wood product manufacturing
3221,322100,1,28800,55,4.9444,repo_original,naics4,custom_industry_exposure_repo_original_4digit.csv,-0.29316368037877744,0.41935483870967744,322100,"Pulp, Paper, and Paperboard Mills",1,-1.054775,felten_language_modeling_aiie,naics4,Language_Modeling_AIOE_and_AIIE.xlsx,LM AIIE,-1.0543983986651848,0.16666666666666666,"Pulp, paper, and paperboard mills"
3222,322200,1,75100,61,5.7976,repo_original,naics4,custom_industry_exposure_repo_original_4digit.csv,0.30491378961938637,0.6612903225806451,322200,Converted Paper Product Manufacturing,1,-0.885119,felten_language_modeling_aiie,naics4,Language_Modeling_AIOE_and_AIIE.xlsx,LM AIIE,-0.8853372976192041,0.22357723577235772,Converted paper product manufacturing
3254,325400,1,183600,100,6.3426,repo_original,naics4,custom_industry_exposure_repo_original_4digit.csv,0.6869487417396386,0.7473118279569892,325400,Pharmaceutical and Medicine Manufacturing,1,0.309366,felten_language_modeling_aiie,naics4,Language_Modeling_AIOE_and_AIIE.xlsx,LM AIIE,0.30495923939043956,0.6382113821138211,Pharmaceutical and medicine manufacturing
3261,326100,1,208300,82,5.4297,repo_original,naics4,custom_industry_exposure_repo_original_4digit.csv,0.04702267239912828,0.5591397849462365,326100,Plastics Product Manufacturing,1,-0.911464,felten_language_modeling_aiie,naics4,Language_Modeling_AIOE_and_AIIE.xlsx,LM AIIE,-0.9115899188471971,0.2073170731707317,Plastics product manufacturing
3262,326200,1,40000,59,5.545,repo_original,naics4,custom_industry_exposure_repo_original_4digit.csv,0.12784584667337578,0.6075268817204301,326200,Rubber Product Manufacturing,1,-1.120887,felten_language_modeling_aiie,naics4,Language_Modeling_AIOE_and_AIIE.xlsx,LM AIIE,-1.1202785768631374,0.13821138211382114,Rubber product manufacturing
3311,331100,1,30500,53,4.6557,repo_original,naics4,custom_industry_exposure_repo_original_4digit.csv,-0.49553705776798224,0.3118279569892473,331100,Iron and Steel Mills and Ferroalloy Manufacturing,1,-1.134565,felten_language_modeling_aiie,naics4,Language_Modeling_AIOE_and_AIIE.xlsx,LM AIIE,-1.1339086149408177,0.12195121951219512,Iron and steel mills and ferroalloy manufacturing
3312,331200,1,23400,47,4.9957,repo_original,naics4,custom_industry_exposure_repo_original_4digit.csv,-0.25720332617002684,0.43010752688172044,331200,Steel Product Manufacturing from Purchased Steel,1,-1.026607,felten_language_modeling_aiie,naics4,Language_Modeling_AIOE_and_AIIE.xlsx,LM AIIE,-1.0263291697887338,0.17886178861788618,Steel product manufacturing from purchased steel
3313,331300,1,22300,51,4.8296,repo_original,naics4,custom_industry_exposure_repo_original_4digit.csv,-0.3736363638712634,0.3655913978494624,331300,Alumina and Aluminum Production and Processing,1,-1.117275,felten_language_modeling_aiie,naics4,Language_Modeling_AIOE_and_AIIE.xlsx,LM AIIE,-1.116679242345183,0.14227642276422764,Alumina and aluminum production and processing
3314,331400,1,28200,53,5.2376,repo_original,naics4,custom_industry_exposure_repo_original_4digit.csv,-0.08763588595371717,0.478494623655914,331400,Nonferrous Metal (except Aluminum) Production and Processing,1,-0.8714696,felten_language_modeling_aiie,naics4,Language_Modeling_AIOE_and_AIIE.xlsx,LM AIIE,-0.8717357592555918,0.23170731707317074,Nonferrous metal (except aluminum) production and processing
3315,331500,1,33500,55,5.1343,repo_original,naics4,custom_industry_exposure_repo_original_4digit.csv,-0.1600472814656842,0.44086021505376344,331500,Foundries,1,-1.168177,felten_language_modeling_aiie,naics4,Language_Modeling_AIOE_and_AIIE.xlsx,LM AIIE,-1.1674027544251715,0.10975609756097561,Foundries
3327,332700,1,172800,61,4.9323,repo_original,naics4,custom_industry_exposure_repo_original_4digit.csv,-0.3016455572974107,0.41397849462365593,332700,"Machine Shops; Turned Product; and Screw, Nut, and Bolt Manufacturing",1,-0.7429362,felten_language_modeling_aiie,naics4,Language_Modeling_AIOE_and_AIIE.xlsx,LM AIIE,-0.7436530617666529,0.2926829268292683,"Machine shops; turned product; and screw, nut, and bolt manufacturing"
3328,332800,1,50100,54,4.8583,repo_original,naics4,custom_industry_exposure_repo_original_4digit.csv,-0.3535181929981421,0.3870967741935484,332800,"Coating, Engraving, Heat Treating, and Allied Activities",1,-0.8038041,felten_language_modeling_aiie,naics4,Language_Modeling_AIOE_and_AIIE.xlsx,LM AIIE,-0.8043075284071292,0.25609756097560976,"Coating, engraving, heat treating, and allied activities"
3333,333300,1,45900,69,6.4357,repo_original,naics4,custom_industry_exposure_repo_original_4digit.csv,0.7522101253036668,0.7688172043010753,333300,Commercial and Service Industry Machinery Manufacturing,1,0.1626688,felten_language_modeling_aiie,naics4,Language_Modeling_AIOE_and_AIIE.xlsx,LM AIIE,0.1587764332865445,0.5934959349593496,Commercial and service industry machinery manufacturing
3335,333500,1,74900,55,5.534,repo_original,naics4,custom_industry_exposure_repo_original_4digit.csv,0.12013504947461832,0.5913978494623656,333500,Metalworking Machinery Manufacturing,1,-0.5041936,felten_language_modeling_aiie,naics4,Language_Modeling_AIOE_and_AIIE.xlsx,LM AIIE,-0.5057476129609512,0.3821138211382114,Metalworking machinery manufacturing
3336,333600,1,48300,60,5.8406,repo_original,naics4,custom_industry_exposure_repo_original_4digit.csv,0.33505599685089266,0.6774193548387096,333600,"Engine, Turbine, and Power Transmission Equipment Manufacturing",1,-0.0730968,felten_language_modeling_aiie,naics4,Language_Modeling_AIOE_and_AIIE.xlsx,LM AIIE,-0.07616245437299149,0.516260162601626,"Engine, turbine, and power transmission equipment manufacturing"
3341,334100,1,74400,68,7.4798,repo_original,naics4,custom_industry_exposure_repo_original_4digit.csv,1.4841049757784475,0.9032258064516129,334100,Computer and Peripheral Equipment Manufacturing,1,1.397711,felten_language_modeling_aiie,naics4,Language_Modeling_AIOE_and_AIIE.xlsx,LM AIIE,1.389487956428963,0.8821138211382114,Computer and peripheral equipment manufacturing
3342,334200,1,50000,67,7.27,repo_original,naics4,custom_industry_exposure_repo_original_4digit.csv,1.337039043751238,0.8602150537634409,334200,Communications Equipment Manufacturing,1,0.991125,felten_language_modeling_aiie,naics4,Language_Modeling_AIOE_and_AIIE.xlsx,LM AIIE,0.9843276506933507,0.8008130081300813,Communications equipment manufacturing
3343,334300,1,8800,33,7.3409,repo_original,naics4,custom_industry_exposure_repo_original_4digit.csv,1.3867386366050476,0.8817204301075269,334300,Audio and Video Equipment Manufacturing,1,0.9976608,felten_language_modeling_aiie,naics4,Language_Modeling_AIOE_and_AIIE.xlsx,LM AIIE,0.9908405329033304,0.8089430894308943,Audio and video equipment manufacturing
3344,334400,1,242700,84,6.3885,repo_original,naics4,custom_industry_exposure_repo_original_4digit.csv,0.7191237955053623,0.7634408602150538,334400,Semiconductor and Other Electronic Component Manufacturing,1,0.4500771,felten_language_modeling_aiie,naics4,Language_Modeling_AIOE_and_AIIE.xlsx,LM AIIE,0.4451769357606893,0.6626016260162602,Semiconductor and other electronic component manufacturing
3345,334500,1,250900,98,6.9506,repo_original,naics4,custom_industry_exposure_repo_original_4digit.csv,1.1131455323618646,0.8279569892473119,334500,"Navigational, Measuring, Electromedical, and Control Instruments Manufacturing",1,0.877932,felten_language_modeling_aiie,naics4,Language_Modeling_AIOE_and_AIIE.xlsx,LM AIIE,0.87153156207463,0.7764227642276422,"Navigational, measuring, electromedical, and control instruments manufacturing"
3346,334600,1,4900,27,7.7551,repo_original,naics4,custom_industry_exposure_repo_original_4digit.csv,1.677085200216439,0.9408602150537635,334600,Manufacturing and Reproducing Magnetic and Optical Media,1,0.1217256,felten_language_modeling_aiie,naics4,Language_Modeling_AIOE_and_AIIE.xlsx,LM AIIE,0.11797680066320204,0.5813008130081301,Manufacturing and reproducing magnetic and optical media
3351,335100,1,15000,45,6.68,repo_original,naics4,custom_industry_exposure_repo_original_4digit.csv,0.923459921272433,0.8010752688172043,335100,Electric Lighting Equipment Manufacturing,1,0.4803347,felten_language_modeling_aiie,naics4,Language_Modeling_AIOE_and_AIIE.xlsx,LM AIIE,0.47532843745239994,0.6829268292682927,Electric lighting equipment manufacturing
3352,335200,1,17100,43,5.7602,repo_original,naics4,custom_industry_exposure_repo_original_4digit.csv,0.27869707914361136,0.6505376344086021,335200,Household Appliance Manufacturing,1,-0.1022941,felten_language_modeling_aiie,naics4,Language_Modeling_AIOE_and_AIIE.xlsx,LM AIIE,-0.1052573740078397,0.5,Household appliance manufacturing
3353,335300,1,64800,62,6.1497,repo_original,naics4,custom_industry_exposure_repo_original_4digit.csv,0.5517293981359751,0.7311827956989247,335300,Electrical Equipment Manufacturing,1,0.1497846,felten_language_modeling_aiie,naics4,Language_Modeling_AIOE_and_AIIE.xlsx,LM AIIE,0.14593741174827515,0.5894308943089431,Electrical equipment manufacturing
3359,335900,1,67000,65,5.9164,repo_original,naics4,custom_industry_exposure_repo_original_4digit.csv,0.38819039936596633,0.6881720430107527,335900,Other Electrical Equipment and Component Manufacturing,1,-0.1593534,felten_language_modeling_aiie,naics4,Language_Modeling_AIOE_and_AIIE.xlsx,LM AIIE,-0.16211659550848173,0.4878048780487805,Other electrical equipment and component manufacturing
3361,336100,1,89500,80,5.4101,repo_original,naics4,custom_industry_exposure_repo_original_4digit.csv,0.033283433754069315,0.553763440860215,336100,Motor Vehicle Manufacturing,1,-0.4568835,felten_language_modeling_aiie,naics4,Language_Modeling_AIOE_and_AIIE.xlsx,LM AIIE,-0.45860340587958975,0.3861788617886179,Motor vehicle manufacturing
3362,336200,1,70400,64,4.0895,repo_original,naics4,custom_industry_exposure_repo_original_4digit.csv,-0.8924328190349307,0.1935483870967742,336200,Motor Vehicle Body and Trailer Manufacturing,1,-0.89675,felten_language_modeling_aiie,naics4,Language_Modeling_AIOE_and_AIIE.xlsx,LM AIIE,-0.8969275135046771,0.21138211382113822,Motor vehicle body and trailer manufacturing
3363,336300,1,187500,87,5.3328,repo_original,naics4,custom_industry_exposure_repo_original_4digit.csv,-0.0209024411062895,0.5376344086021505,336300,Motor Vehicle Parts Manufacturing,1,-0.7298725,felten_language_modeling_aiie,naics4,Language_Modeling_AIOE_and_AIIE.xlsx,LM AIIE,-0.7306351696453346,0.3048780487804878,Motor vehicle parts manufacturing
3364,336400,1,346100,105,6.0797,repo_original,naics4,custom_industry_exposure_repo_original_4digit.csv,0.502660688689337,0.7258064516129032,336400,Aerospace Product and Parts Manufacturing,1,0.2732446,felten_language_modeling_aiie,naics4,Language_Modeling_AIOE_and_AIIE.xlsx,LM AIIE,0.2689644991199966,0.6219512195121951,Aerospace product and parts manufacturing
3365,336500,1,12200,35,4.8525,repo_original,naics4,custom_industry_exposure_repo_original_4digit.csv,-0.35758388606657765,0.3817204301075269,336500,Railroad Rolling Stock Manufacturing,1,-0.792437,felten_language_modeling_aiie,naics4,Language_Modeling_AIOE_and_AIIE.xlsx,LM AIIE,-0.7929802871560105,0.2682926829268293,Railroad rolling stock manufacturing
3366,336600,1,78700,73,4.2313,repo_original,naics4,custom_industry_exposure_repo_original_4digit.csv,-0.7930336333273128,0.23655913978494625,336600,Ship and Boat Building,1,-0.7998238,felten_language_modeling_aiie,naics4,Language_Modeling_AIOE_and_AIIE.xlsx,LM AIIE,-0.8003411853335372,0.26422764227642276,Ship and boat building
3369,336900,1,16900,47,5.3018,repo_original,naics4,custom_industry_exposure_repo_original_4digit.csv,-0.04263286957551464,0.521505376344086,336900,Other Transportation Equipment Manufacturing,1,-0.297176,felten_language_modeling_aiie,naics4,Language_Modeling_AIOE_and_AIIE.xlsx,LM AIIE,-0.2994559204072166,0.4349593495934959,Other transportation equipment manufacturing
3379,337900,1,5600,23,6.625,repo_original,naics4,custom_industry_exposure_repo_original_4digit.csv,0.8849059352786464,0.7903225806451613,337900,Other Furniture Related Product Manufacturing,1,-0.6635574,felten_language_modeling_aiie,naics4,Language_Modeling_AIOE_and_AIIE.xlsx,LM AIIE,-0.6645526036177593,0.32926829268292684,Other furniture related product manufacturing
3391,339100,1,180000,92,6.1594,repo_original,naics4,custom_industry_exposure_repo_original_4digit.csv,0.5585289193021518,0.7365591397849462,339100,Medical Equipment and Supplies Manufacturing,1,0.013895,felten_language_modeling_aiie,naics4,Language_Modeling_AIOE_and_AIIE.xlsx,LM AIIE,0.010524308782875282,0.556910569105691,Medical equipment and supplies manufacturing
3399,339900,1,113300,87,6.5693,repo_original,naics4,custom_industry_exposure_repo_original_4digit.csv,0.8458612621903931,0.7849462365591398,339900,Other Miscellaneous Manufacturing,1,-0.1698289,felten_language_modeling_aiie,naics4,Language_Modeling_AIOE_and_AIIE.xlsx,LM AIIE,-0.17255536315599887,0.4796747967479675,Other miscellaneous manufacturing
4231,423100,1,192600,82,5.6033,repo_original,naics4,custom_industry_exposure_repo_original_4digit.csv,0.16871307182678993,0.6182795698924731,423100,Motor Vehicle and Motor Vehicle Parts and Supplies Merchant Wholesalers,1,-0.1336922,felten_language_modeling_aiie,naics4,Language_Modeling_AIOE_and_AIIE.xlsx,LM AIIE,-0.13654537653502297,0.491869918699187,Motor vehicle and motor vehicle parts and supplies merchant wholesalers
4234,423400,1,494700,114,7.2458,repo_original,naics4,custom_industry_exposure_repo_original_4digit.csv,1.3200752899139723,0.8494623655913979,423400,Professional and Commercial Equipment and Supplies Merchant Wholesalers,1,1.011622,felten_language_modeling_aiie,naics4,Language_Modeling_AIOE_and_AIIE.xlsx,LM AIIE,1.0047527779398935,0.8170731707317073,Professional and commercial equipment and supplies merchant wholesalers
4238,423800,1,497900,97,5.7982,repo_original,naics4,custom_industry_exposure_repo_original_4digit.csv,0.30533437855750006,0.6666666666666666,423800,"Machinery, Equipment, and Supplies Merchant Wholesalers",1,0.2634982,felten_language_modeling_aiie,naics4,Language_Modeling_AIOE_and_AIIE.xlsx,LM AIIE,0.2592522748825128,0.6138211382113821,"Machinery, equipment, and supplies merchant wholesalers"
4243,424300,1,63600,50,7.5283,repo_original,naics4,custom_industry_exposure_repo_original_4digit.csv,1.518102581609332,0.9086021505376344,424300,"Apparel, Piece Goods, and Notions Merchant Wholesalers",1,0.7209005,felten_language_modeling_aiie,naics4,Language_Modeling_AIOE_and_AIIE.xlsx,LM AIIE,0.7150506932052596,0.7560975609756098,"Apparel, piece goods, and notions merchant wholesalers"
4245,424500,1,32300,47,6.0402,repo_original,naics4,custom_industry_exposure_repo_original_4digit.csv,0.4749719169301625,0.7204301075268817,424500,Farm Product Raw Material Merchant Wholesalers,1,-0.6865089,felten_language_modeling_aiie,naics4,Language_Modeling_AIOE_and_AIIE.xlsx,LM AIIE,-0.687423624157303,0.3252032520325203,Farm product raw material merchant wholesalers
4411,441100,1,723100,70,4.7301,repo_original,naics4,custom_industry_exposure_repo_original_4digit.csv,-0.4433840294418415,0.3333333333333333,441100,Automobile Dealers,1,-0.0857672,felten_language_modeling_aiie,naics4,Language_Modeling_AIOE_and_AIIE.xlsx,LM AIIE,-0.08878842560120029,0.508130081300813,Automobile dealers
4412,441200,1,79400,46,4.6033,repo_original,naics4,custom_industry_exposure_repo_original_4digit.csv,-0.5322684916966086,0.3064516129032258,441200,Other Motor Vehicle Dealers,1,-0.0086145,felten_language_modeling_aiie,naics4,Language_Modeling_AIOE_and_AIIE.xlsx,LM AIIE,-0.011906261630163456,0.5447154471544715,Other motor vehicle dealers
4413,441300,1,242000,48,4.495,repo_original,naics4,custom_industry_exposure_repo_original_4digit.csv,-0.6081847950261926,0.27956989247311825,441300,"Automotive Parts, Accessories, and Tire Stores",1,-0.5935317,felten_language_modeling_aiie,naics4,Language_Modeling_AIOE_and_AIIE.xlsx,LM AIIE,-0.59477244881324,0.34959349593495936,"Automotive parts, accessories, and tire retailers"
4441,444100,1,332500,66,6.8057,repo_original,naics4,custom_industry_exposure_repo_original_4digit.csv,1.0115733038073242,0.8225806451612904,444100,Building Material and Supplies Dealers,1,0.3544964,felten_language_modeling_aiie,naics4,Language_Modeling_AIOE_and_AIIE.xlsx,LM AIIE,0.3499313895922923,0.6422764227642277,Building material and supplies dealers
4442,444200,1,55400,42,5.2671,repo_original,naics4,custom_industry_exposure_repo_original_4digit.csv,-0.06695692982977654,0.4946236559139785,444200,Lawn and Garden Equipment and Supplies Stores,1,-0.2473165,felten_language_modeling_aiie,naics4,Language_Modeling_AIOE_and_AIIE.xlsx,LM AIIE,-0.2497712527998106,0.45121951219512196,Lawn and garden equipment and supplies retailers
4453,445300,1,89900,24,6.7775,repo_original,naics4,custom_industry_exposure_repo_original_4digit.csv,0.9918056237159645,0.8118279569892473,445300,"Beer, Wine, and Liquor Stores",1,0.2288,felten_language_modeling_aiie,naics4,Language_Modeling_AIOE_and_AIIE.xlsx,LM AIIE,0.22467574415967576,0.6097560975609756,"Beer, wine, and liquor retailers"
4811,481100,1,261400,52,4.4805,repo_original,naics4,custom_industry_exposure_repo_original_4digit.csv,-0.6183490276972818,0.26881720430107525,481100,Scheduled Air Transportation,1,-0.3840335,felten_language_modeling_aiie,naics4,Language_Modeling_AIOE_and_AIIE.xlsx,LM AIIE,-0.38600885448618383,0.4024390243902439,Scheduled air transportation
4812,481200,1,36000,35,5.5722,repo_original,naics4,custom_industry_exposure_repo_original_4digit.csv,0.146912545201212,0.6129032258064516,481200,Nonscheduled Air Transportation,1,-0.2209606,felten_language_modeling_aiie,naics4,Language_Modeling_AIOE_and_AIIE.xlsx,LM AIIE,-0.22350776979267994,0.4634146341463415,Nonscheduled air transportation
4831,483100,1,29700,46,5.8653,repo_original,naics4,custom_industry_exposure_repo_original_4digit.csv,0.3523702414699207,0.6827956989247311,483100,"Deep Sea, Coastal, and Great Lakes Water Transportation",1,-0.5228274,felten_language_modeling_aiie,naics4,Language_Modeling_AIOE_and_AIIE.xlsx,LM AIIE,-0.5243160735203808,0.3780487804878049,"Deep sea, coastal, and great lakes water transportation"
4832,483200,1,22600,22,3.5221,repo_original,naics4,custom_industry_exposure_repo_original_4digit.csv,-1.290169758178107,0.12365591397849462,483200,Inland Water Transportation,1,-1.203537,felten_language_modeling_aiie,naics4,Language_Modeling_AIOE_and_AIIE.xlsx,LM AIIE,-1.2026387645455672,0.0975609756097561,Inland water transportation
4851,485100,1,12800,29,4.7188,repo_original,naics4,custom_industry_exposure_repo_original_4digit.csv,-0.45130512110965615,0.3279569892473118,485100,Urban Transit Systems,1,-0.1658452,felten_language_modeling_aiie,naics4,Language_Modeling_AIOE_and_AIIE.xlsx,LM AIIE,-0.1685856320045107,0.483739837398374,Urban transit systems
4852,485200,1,3200,12,4.5938,repo_original,naics4,custom_industry_exposure_repo_original_4digit.csv,-0.5389278165500809,0.2956989247311828,485200,Interurban and Rural Bus Transportation,1,0.0313755,felten_language_modeling_aiie,naics4,Language_Modeling_AIOE_and_AIIE.xlsx,LM AIIE,0.027943513390046637,0.5650406504065041,Interurban and rural bus transportation
4853,485300,1,41500,31,6.2145,repo_original,naics4,custom_industry_exposure_repo_original_4digit.csv,0.5971530034522913,0.7419354838709677,485300,Taxi and Limousine Service,1,1.266258,felten_language_modeling_aiie,naics4,Language_Modeling_AIOE_and_AIIE.xlsx,LM AIIE,1.2584958965206943,0.8577235772357723,Taxi and limousine service
4854,485400,1,158600,23,4.1362,repo_original,naics4,custom_industry_exposure_repo_original_4digit.csv,-0.8596969800183883,0.20430107526881722,485400,School and Employee Bus Transportation,1,0.0559563,felten_language_modeling_aiie,naics4,Language_Modeling_AIOE_and_AIIE.xlsx,LM AIIE,0.05243812078731546,0.5772357723577236,School and employee bus transportation
4855,485500,1,8200,17,4.7439,repo_original,naics4,custom_industry_exposure_repo_original_4digit.csv,-0.43371048386521877,0.3387096774193548,485500,Charter Bus Industry,1,-0.0039399,felten_language_modeling_aiie,naics4,Language_Modeling_AIOE_and_AIIE.xlsx,LM AIIE,-0.007248053120299136,0.5487804878048781,Charter bus industry
4859,485900,1,81100,31,5.2713,repo_original,naics4,custom_industry_exposure_repo_original_4digit.csv,-0.06401280726297828,0.5,485900,Other Transit and Ground Passenger Transportation,1,0.899507,felten_language_modeling_aiie,naics4,Language_Modeling_AIOE_and_AIIE.xlsx,LM AIIE,0.8930309093129652,0.7845528455284553,Other transit and ground passenger transportation
4861,486100,1,5700,31,5.7018,repo_original,naics4,custom_industry_exposure_repo_original_4digit.csv,0.23775975583384504,0.6397849462365591,486100,Pipeline Transportation of Crude Oil,1,-0.3534026,felten_language_modeling_aiie,naics4,Language_Modeling_AIOE_and_AIIE.xlsx,LM AIIE,-0.35548536177134127,0.42276422764227645,Pipeline transportation of crude oil
4862,486200,1,14000,42,4.8429,repo_original,naics4,custom_industry_exposure_repo_original_4digit.csv,-0.36431330907640214,0.3709677419354839,486200,Pipeline Transportation of Natural Gas,1,-0.357459,felten_language_modeling_aiie,naics4,Language_Modeling_AIOE_and_AIIE.xlsx,LM AIIE,-0.359527538000198,0.4186991869918699,Pipeline transportation of natural gas
4869,486900,1,2700,15,4.8519,repo_original,naics4,custom_industry_exposure_repo_original_4digit.csv,-0.35800447500469196,0.3763440860215054,486900,Other Pipeline Transportation,1,-0.3630448,felten_language_modeling_aiie,naics4,Language_Modeling_AIOE_and_AIIE.xlsx,LM AIIE,-0.3650937513862417,0.4065040650406504,Other pipeline transportation
4871,487100,1,5400,20,4.9074,repo_original,naics4,custom_industry_exposure_repo_original_4digit.csv,-0.3190999982291431,0.3978494623655914,487100,"Scenic and Sightseeing Transportation, Land",1,0.5075915,felten_language_modeling_aiie,naics4,Language_Modeling_AIOE_and_AIIE.xlsx,LM AIIE,0.5024896614526715,0.6910569105691057,"Scenic and sightseeing transportation, land"
4872,487200,1,11800,20,3.9153,repo_original,naics4,custom_industry_exposure_repo_original_4digit.csv,-1.014543807400707,0.16666666666666666,487200,"Scenic and Sightseeing Transportation, Water",1,-0.6566207,felten_language_modeling_aiie,naics4,Language_Modeling_AIOE_and_AIIE.xlsx,LM AIIE,-0.6576402271640786,0.3333333333333333,"Scenic and sightseeing transportation, water"
4879,487900,1,1200,6,5.75,repo_original,naics4,custom_industry_exposure_repo_original_4digit.csv,0.27154706719567256,0.6451612903225806,487900,"Scenic and Sightseeing Transportation, Other",1,-0.0580567,felten_language_modeling_aiie,naics4,Language_Modeling_AIOE_and_AIIE.xlsx,LM AIIE,-0.061175092500486826,0.532520325203252,"Scenic and sightseeing transportation, other"
4881,488100,1,86800,79,5.2166,repo_original,naics4,custom_industry_exposure_repo_original_4digit.csv,-0.10235649878770847,0.46774193548387094,488100,Support Activities for Air Transportation,1,-0.361676,felten_language_modeling_aiie,naics4,Language_Modeling_AIOE_and_AIIE.xlsx,LM AIIE,-0.3637297510849748,0.4146341463414634,Support activities for air transportation
4882,488200,1,18600,38,4.4032,repo_original,naics4,custom_industry_exposure_repo_original_4digit.csv,-0.6725349025576407,0.25268817204301075,488200,Support Activities for Rail Transportation,1,-1.530069,felten_language_modeling_aiie,naics4,Language_Modeling_AIOE_and_AIIE.xlsx,LM AIIE,-1.5280257797218422,0.028455284552845527,Support activities for rail transportation
4883,488300,1,45800,39,4.0066,repo_original,naics4,custom_industry_exposure_repo_original_4digit.csv,-0.9505441906510207,0.1827956989247312,488300,Support Activities for Water Transportation,1,-1.449808,felten_language_modeling_aiie,naics4,Language_Modeling_AIOE_and_AIIE.xlsx,LM AIIE,-1.448046215008237,0.044715447154471545,Support activities for water transportation
4884,488400,1,75600,37,5.2937,repo_original,naics4,custom_industry_exposure_repo_original_4digit.csv,-0.048310820240054016,0.510752688172043,488400,Support Activities for Road Transportation,1,-1.170591,felten_language_modeling_aiie,naics4,Language_Modeling_AIOE_and_AIIE.xlsx,LM AIIE,-1.1698082897314677,0.10569105691056911,Support activities for road transportation
4885,488500,1,102600,54,7.3752,repo_original,naics4,custom_industry_exposure_repo_original_4digit.csv,1.4107823042339003,0.8870967741935484,488500,Freight Transportation Arrangement,1,0.8797804,felten_language_modeling_aiie,naics4,Language_Modeling_AIOE_and_AIIE.xlsx,LM AIIE,0.8733734806579597,0.7804878048780488,Freight transportation arrangement
4889,488900,1,14400,33,6.4931,repo_original,naics4,custom_industry_exposure_repo_original_4digit.csv,0.7924464670499101,0.7741935483870968,488900,Other Support Activities for Transportation,1,-0.9422619,felten_language_modeling_aiie,naics4,Language_Modeling_AIOE_and_AIIE.xlsx,LM AIIE,-0.9422798259763525,0.1951219512195122,Other support activities for transportation
4921,492100,1,173600,49,5.4026,repo_original,naics4,custom_industry_exposure_repo_original_4digit.csv,0.028026072027643623,0.543010752688172,492100,Couriers and Express Delivery Services,1,-1.299443,felten_language_modeling_aiie,naics4,Language_Modeling_AIOE_and_AIIE.xlsx,LM AIIE,-1.2982084700491496,0.06910569105691057,Couriers and express delivery services
4922,492200,1,24000,32,5.5375,repo_original,naics4,custom_industry_exposure_repo_original_4digit.csv,0.12258848494695011,0.5967741935483871,492200,Local Messengers and Local Delivery,1,-1.270109,felten_language_modeling_aiie,naics4,Language_Modeling_AIOE_and_AIIE.xlsx,LM AIIE,-1.2689773297530047,0.07317073170731707,Local messengers and local delivery
5121,512100,1,228900,95,6.5671,repo_original,naics4,custom_industry_exposure_repo_original_4digit.csv,0.8443191027506415,0.7795698924731183,512100,Motion Picture and Video Industries,1,0.413089,felten_language_modeling_aiie,naics4,Language_Modeling_AIOE_and_AIIE.xlsx,LM AIIE,0.40831853457476697,0.6544715447154471,Motion picture and video industries
5122,512200,1,15500,34,7.271,repo_original,naics4,custom_industry_exposure_repo_original_4digit.csv,1.3377400253147618,0.8655913978494624,512200,Sound Recording Industries,1,1.312842,felten_language_modeling_aiie,naics4,Language_Modeling_AIOE_and_AIIE.xlsx,LM AIIE,1.3049165496725188,0.8739837398373984,Sound recording industries
5222,522200,1,330400,76,8.0578,repo_original,naics4,custom_industry_exposure_repo_original_4digit.csv,1.889272319494972,0.978494623655914,522200,Nondepository Credit Intermediation,1,2.051283,felten_language_modeling_aiie,naics4,Language_Modeling_AIOE_and_AIIE.xlsx,LM AIIE,2.0407682054789444,0.983739837398374,Nondepository credit intermediation
5241,524100,1,1248600,116,7.635,repo_original,naics4,custom_industry_exposure_repo_original_4digit.csv,1.5928973144372787,0.9193548387096774,524100,Insurance Carriers,1,1.976356,felten_language_modeling_aiie,naics4,Language_Modeling_AIOE_and_AIIE.xlsx,LM AIIE,1.9661039370883646,0.975609756097561,Insurance carriers
5242,524200,1,1094700,90,7.6599,repo_original,naics4,custom_industry_exposure_repo_original_4digit.csv,1.6103517553690119,0.9301075268817204,524200,"Agencies, Brokerages, and Other Insurance Related Activities",1,2.087049,felten_language_modeling_aiie,naics4,Language_Modeling_AIOE_and_AIIE.xlsx,LM AIIE,2.076408791959885,0.991869918699187,"Agencies, brokerages, and other insurance related activities"
5251,525100,1,9100,34,7.8791,repo_original,naics4,custom_industry_exposure_repo_original_4digit.csv,1.7640069140933405,0.9516129032258065,525100,Insurance and Employee Benefit Funds,1,2.052607,felten_language_modeling_aiie,naics4,Language_Modeling_AIOE_and_AIIE.xlsx,LM AIIE,2.0420875628714614,0.9878048780487805,Insurance and employee benefit funds
5259,525900,1,13300,30,7.4586,repo_original,naics4,custom_industry_exposure_repo_original_4digit.csv,1.469244166631751,0.8978494623655914,525900,Other Investment Pools and Funds,1,1.962175,felten_language_modeling_aiie,naics4,Language_Modeling_AIOE_and_AIIE.xlsx,LM AIIE,1.9519726627807479,0.9715447154471545,Other investment pools and funds
5321,532100,1,93500,45,4.2364,repo_original,naics4,custom_industry_exposure_repo_original_4digit.csv,-0.7894586273533437,0.24193548387096775,532100,Automotive Equipment Rental and Leasing,1,-0.0950282,felten_language_modeling_aiie,naics4,Language_Modeling_AIOE_and_AIIE.xlsx,LM AIIE,-0.09801695189432771,0.5040650406504065,Automotive equipment rental and leasing
5411,541100,1,1063000,64,8.2503,repo_original,naics4,custom_industry_exposure_repo_original_4digit.csv,2.0242112704732254,0.9946236559139785,541100,Legal Services,1,2.19893,felten_language_modeling_aiie,naics4,Language_Modeling_AIOE_and_AIIE.xlsx,LM AIIE,2.187897481108075,1.0,Legal services
5412,541200,1,887100,95,7.9587,repo_original,naics4,custom_industry_exposure_repo_original_4digit.csv,1.8198050465498032,0.9623655913978495,541200,"Accounting, Tax Preparation, Bookkeeping, and Payroll Services",1,1.907619,felten_language_modeling_aiie,naics4,Language_Modeling_AIOE_and_AIIE.xlsx,LM AIIE,1.897607963455852,0.967479674796748,"Accounting, tax preparation, bookkeeping, and payroll services"
5413,541300,1,1450000,172,6.7219,repo_original,naics4,custom_industry_exposure_repo_original_4digit.csv,0.9528310487840634,0.8064516129032258,541300,"Architectural, Engineering, and Related Services",1,1.066006,felten_language_modeling_aiie,naics4,Language_Modeling_AIOE_and_AIIE.xlsx,LM AIIE,1.0589460803829818,0.8414634146341463,"Architectural, engineering, and related services"
5414,541400,1,105800,70,7.7117,repo_original,naics4,custom_industry_exposure_repo_original_4digit.csv,1.646662600359524,0.9354838709677419,541400,Specialized Design Services,1,0.9959185,felten_language_modeling_aiie,naics4,Language_Modeling_AIOE_and_AIIE.xlsx,LM AIIE,0.9891043422802318,0.8048780487804879,Specialized design services
5415,541500,1,1882900,117,8.107,repo_original,naics4,custom_industry_exposure_repo_original_4digit.csv,1.9237606124203226,0.9838709677419355,541500,Computer Systems Design and Related Services,1,1.750889,felten_language_modeling_aiie,naics4,Language_Modeling_AIOE_and_AIIE.xlsx,LM AIIE,1.7414275373763939,0.9308943089430894,Computer systems design and related services
5416,541600,1,1279200,173,7.4279,repo_original,naics4,custom_industry_exposure_repo_original_4digit.csv,1.4477240326315832,0.8924731182795699,541600,"Management, Scientific, and Technical Consulting Services",1,1.722495,felten_language_modeling_aiie,naics4,Language_Modeling_AIOE_and_AIIE.xlsx,LM AIIE,1.7131331009691961,0.926829268292683,"Management, scientific, and technical consulting services"
5417,541700,1,724400,190,7.0371,repo_original,naics4,custom_industry_exposure_repo_original_4digit.csv,1.1737804376066387,0.8387096774193549,541700,Scientific Research and Development Services,1,1.405602,felten_language_modeling_aiie,naics4,Language_Modeling_AIOE_and_AIIE.xlsx,LM AIIE,1.397351286628625,0.8902439024390244,Scientific research and development services
5418,541800,1,329700,80,7.886,repo_original,naics4,custom_industry_exposure_repo_original_4digit.csv,1.768843686881652,0.956989247311828,541800,"Advertising, Public Relations, and Related Services",1,1.281933,felten_language_modeling_aiie,naics4,Language_Modeling_AIOE_and_AIIE.xlsx,LM AIIE,1.2741159321156377,0.8617886178861789,"Advertising, public relations, and related services"
5419,541900,1,720300,130,5.4522,repo_original,naics4,custom_industry_exposure_repo_original_4digit.csv,0.06279475757840472,0.5698924731182796,541900,"Other Professional, Scientific, and Technical Services",1,0.6538497,felten_language_modeling_aiie,naics4,Language_Modeling_AIOE_and_AIIE.xlsx,LM AIIE,0.6482350069105584,0.7317073170731707,"Other professional, scientific, and technical services"
5611,561100,1,414300,104,7.6512,repo_original,naics4,custom_industry_exposure_repo_original_4digit.csv,1.604253215766358,0.9247311827956989,561100,Office Administrative Services,1,1.673938,felten_language_modeling_aiie,naics4,Language_Modeling_AIOE_and_AIIE.xlsx,LM AIIE,1.6647463661440811,0.9146341463414634,Office administrative services
5612,561200,1,128500,107,3.2125,repo_original,naics4,custom_industry_exposure_repo_original_4digit.csv,-1.5071936502449514,0.05913978494623656,561200,Facilities Support Services,1,-0.7835189,felten_language_modeling_aiie,naics4,Language_Modeling_AIOE_and_AIIE.xlsx,LM AIIE,-0.7840934584836491,0.2804878048780488,Facilities support services
5613,561300,1,1549300,241,5.4745,repo_original,naics4,custom_industry_exposure_repo_original_4digit.csv,0.0784266464449762,0.5806451612903226,561300,Employment Services,1,-0.5981276,felten_language_modeling_aiie,naics4,Language_Modeling_AIOE_and_AIIE.xlsx,LM AIIE,-0.5993522332847424,0.34552845528455284,Employment services
5614,561400,1,437600,75,8.6305,repo_original,naics4,custom_industry_exposure_repo_original_4digit.csv,2.290724460924822,1.0,561400,Business Support Services,1,1.88074,felten_language_modeling_aiie,naics4,Language_Modeling_AIOE_and_AIIE.xlsx,LM AIIE,1.8708232146994572,0.9634146341463414,Business support services
5615,561500,1,118400,64,8.0566,repo_original,naics4,custom_industry_exposure_repo_original_4digit.csv,1.8884311416187434,0.9731182795698925,561500,Travel Arrangement and Reservation Services,1,1.778761,felten_language_modeling_aiie,naics4,Language_Modeling_AIOE_and_AIIE.xlsx,LM AIIE,1.7692018041771767,0.9390243902439024,Travel arrangement and reservation services
5616,561600,1,821400,62,5.2337,repo_original,naics4,custom_industry_exposure_repo_original_4digit.csv,-0.09036971405145827,0.4731182795698925,561600,Investigation and Security Services,1,-0.4163583,felten_language_modeling_aiie,naics4,Language_Modeling_AIOE_and_AIIE.xlsx,LM AIIE,-0.41822030753877915,0.3943089430894309,Investigation and security services
5617,561700,1,1827500,55,1.7521,repo_original,naics4,custom_industry_exposure_repo_original_4digit.csv,-2.530907125614523,0.005376344086021506,561700,Services to Buildings and Dwellings,1,-1.612025,felten_language_modeling_aiie,naics4,Language_Modeling_AIOE_and_AIIE.xlsx,LM AIIE,-1.6096944009160494,0.02032520325203252,Services to buildings and dwellings
5619,561900,1,122700,90,5.9258,repo_original,naics4,custom_industry_exposure_repo_original_4digit.csv,0.39477962606308586,0.6935483870967742,561900,Other Support Services,1,-0.4006903,felten_language_modeling_aiie,naics4,Language_Modeling_AIOE_and_AIIE.xlsx,LM AIIE,-0.4026072473983277,0.3983739837398374,Other support services
5621,562100,1,95300,49,5.3211,repo_original,naics4,custom_industry_exposure_repo_original_4digit.csv,-0.02910392539951283,0.532258064516129,562100,Waste Collection,1,-1.430758,felten_language_modeling_aiie,naics4,Language_Modeling_AIOE_and_AIIE.xlsx,LM AIIE,-1.4290630138545735,0.052845528455284556,Waste collection
5622,562200,1,56600,62,4.7792,repo_original,naics4,custom_industry_exposure_repo_original_4digit.csv,-0.40896583467284253,0.34408602150537637,562200,Waste Treatment and Disposal,1,-0.9307135,felten_language_modeling_aiie,naics4,Language_Modeling_AIOE_and_AIIE.xlsx,LM AIIE,-0.930771920453887,0.1991869918699187,Waste treatment and disposal
5629,562900,1,110400,70,4.1187,repo_original,naics4,custom_industry_exposure_repo_original_4digit.csv,-0.8719641573800478,0.1989247311827957,562900,Remediation and Other Waste Management Services,1,-0.8477126,felten_language_modeling_aiie,naics4,Language_Modeling_AIOE_and_AIIE.xlsx,LM AIIE,-0.8480620632027004,0.24390243902439024,Remediation and other waste management services
6211,621100,1,2513300,132,5.5424,repo_original,naics4,custom_industry_exposure_repo_original_4digit.csv,0.12602329460821485,0.6021505376344086,621100,Offices of Physicians,1,1.040829,felten_language_modeling_aiie,naics4,Language_Modeling_AIOE_and_AIIE.xlsx,LM AIIE,1.0338573635616808,0.8333333333333334,Offices of physicians
6212,621200,1,978300,33,4.198,repo_original,naics4,custom_industry_exposure_repo_original_4digit.csv,-0.8163763193926418,0.23118279569892472,621200,Offices of Dentists,1,0.4777574,felten_language_modeling_aiie,naics4,Language_Modeling_AIOE_and_AIIE.xlsx,LM AIIE,0.4727601747577366,0.6788617886178862,Offices of dentists
6213,621300,1,1086900,103,4.9103,repo_original,naics4,custom_industry_exposure_repo_original_4digit.csv,-0.317067151694925,0.4032258064516129,621300,Offices of Other Health Practitioners,1,0.8734526,felten_language_modeling_aiie,naics4,Language_Modeling_AIOE_and_AIIE.xlsx,LM AIIE,0.8670678690957471,0.7723577235772358,Offices of other health practitioners
6214,621400,1,929500,138,5.1445,repo_original,naics4,custom_industry_exposure_repo_original_4digit.csv,-0.1528972695177454,0.45161290322580644,621400,Outpatient Care Centers,1,1.029444,felten_language_modeling_aiie,naics4,Language_Modeling_AIOE_and_AIIE.xlsx,LM AIIE,1.0225122850769324,0.8211382113821138,Outpatient care centers
6215,621500,1,245400,85,5.2881,repo_original,naics4,custom_industry_exposure_repo_original_4digit.csv,-0.05223631699578524,0.5053763440860215,621500,Medical and Diagnostic Laboratories,1,0.6569087,felten_language_modeling_aiie,naics4,Language_Modeling_AIOE_and_AIIE.xlsx,LM AIIE,0.6512832805236322,0.7357723577235772,Medical and diagnostic laboratories
6216,621600,1,1670600,85,2.952,repo_original,naics4,custom_industry_exposure_repo_original_4digit.csv,-1.6897993475427968,0.026881720430107527,621600,Home Health Care Services,1,0.8117862,felten_language_modeling_aiie,naics4,Language_Modeling_AIOE_and_AIIE.xlsx,LM AIIE,0.8056177023964151,0.7682926829268293,Home healthcare services
6219,621900,1,297500,106,4.5002,repo_original,naics4,custom_industry_exposure_repo_original_4digit.csv,-0.6045396908958707,0.2849462365591398,621900,Other Ambulatory Health Care Services,1,0.7634743,felten_language_modeling_aiie,naics4,Language_Modeling_AIOE_and_AIIE.xlsx,LM AIIE,0.7574752081278758,0.7601626016260162,Other ambulatory healthcare services
6231,623100,1,1256300,92,3.246,repo_original,naics4,custom_industry_exposure_repo_original_4digit.csv,-1.4837107678669175,0.06451612903225806,623100,Nursing Care Facilities (Skilled Nursing Facilities),1,0.0127003,felten_language_modeling_aiie,naics4,Language_Modeling_AIOE_and_AIIE.xlsx,LM AIIE,0.00933379799976338,0.5528455284552846,Nursing care facilities (skilled nursing facilities)
6232,623200,1,598800,90,3.4208,repo_original,naics4,custom_industry_exposure_repo_original_4digit.csv,-1.3611791905630275,0.10752688172043011,623200,"Residential Intellectual and Developmental Disability, Mental Health, and Substance Abuse Facilities",1,1.030857,felten_language_modeling_aiie,naics4,Language_Modeling_AIOE_and_AIIE.xlsx,LM AIIE,1.0239203303908497,0.8252032520325203,"Residential intellectual and developmental disability, mental health, and substance abuse facilities"
6233,623300,1,772700,84,3.0537,repo_original,naics4,custom_industry_exposure_repo_original_4digit.csv,-1.618509522532467,0.043010752688172046,623300,Continuing Care Retirement Communities and Assisted Living Facilities for the Elderly,1,-0.196189,felten_language_modeling_aiie,naics4,Language_Modeling_AIOE_and_AIIE.xlsx,LM AIIE,-0.19882303143582483,0.4715447154471545,Continuing care retirement communities and assisted living facilities for the elderly
6239,623900,1,137900,72,3.7861,repo_original,naics4,custom_industry_exposure_repo_original_4digit.csv,-1.1051106254079301,0.15591397849462366,623900,Other Residential Care Facilities,1,0.9229316,felten_language_modeling_aiie,naics4,Language_Modeling_AIOE_and_AIIE.xlsx,LM AIIE,0.9163733709268291,0.7886178861788617,Other residential care facilities
6241,624100,1,3056100,129,2.9689,repo_original,naics4,custom_industry_exposure_repo_original_4digit.csv,-1.6779527591192511,0.03225806451612903,624100,Individual and Family Services,1,1.303176,felten_language_modeling_aiie,naics4,Language_Modeling_AIOE_and_AIIE.xlsx,LM AIIE,1.2952844435123447,0.8699186991869918,Individual and family services
6242,624200,1,163500,98,5.3193,repo_original,naics4,custom_industry_exposure_repo_original_4digit.csv,-0.030365692213855117,0.5268817204301075,624200,"Community Food and Housing, and Emergency and Other Relief Services",1,0.9630393,felten_language_modeling_aiie,naics4,Language_Modeling_AIOE_and_AIIE.xlsx,LM AIIE,0.9563404332318575,0.7967479674796748,"Community food and housing, and emergency and other relief services"
6243,624300,1,201100,90,4.3287,repo_original,naics4,custom_industry_exposure_repo_original_4digit.csv,-0.7247580290401335,0.24731182795698925,624300,Vocational Rehabilitation Services,1,0.522513,felten_language_modeling_aiie,naics4,Language_Modeling_AIOE_and_AIIE.xlsx,LM AIIE,0.5173588391962091,0.7032520325203252,Vocational rehabilitation services
6244,624400,1,1026000,69,3.2853,repo_original,naics4,custom_industry_exposure_repo_original_4digit.csv,-1.456162192420448,0.06989247311827956,624400,Child Day Care Services,1,0.4045842,felten_language_modeling_aiie,naics4,Language_Modeling_AIOE_and_AIIE.xlsx,LM AIIE,0.3998435566654926,0.6504065040650406,Child daycare services
7111,711100,1,93400,68,5.5128,repo_original,naics4,custom_industry_exposure_repo_original_4digit.csv,0.10527424032792267,0.5860215053763441,711100,Performing Arts Companies,1,0.4520053,felten_language_modeling_aiie,naics4,Language_Modeling_AIOE_and_AIIE.xlsx,LM AIIE,0.44709837452522966,0.6666666666666666,Performing arts companies
7112,711200,1,109100,93,4.5637,repo_original,naics4,custom_industry_exposure_repo_original_4digit.csv,-0.5600273616121353,0.2903225806451613,711200,Spectator Sports,1,-0.0540171,felten_language_modeling_aiie,naics4,Language_Modeling_AIOE_and_AIIE.xlsx,LM AIIE,-0.05714965736241129,0.5365853658536586,Spectator sports
7113,711300,1,101400,83,5.4546,repo_original,naics4,custom_industry_exposure_repo_original_4digit.csv,0.06447711333086069,0.5752688172043011,711300,"Promoters of Performing Arts, Sports, and Similar Events",1,-0.0417869,felten_language_modeling_aiie,naics4,Language_Modeling_AIOE_and_AIIE.xlsx,LM AIIE,-0.044962342572409456,0.540650406504065,"Promoters of performing arts, sports, and similar events"
7114,711400,1,10300,19,7.8252,repo_original,naics4,custom_industry_exposure_repo_original_4digit.csv,1.726224007819429,0.946236559139785,711400,"Agents and Managers for Artists, Athletes, Entertainers, and Other Public Figures",1,2.017241,felten_language_modeling_aiie,naics4,Language_Modeling_AIOE_and_AIIE.xlsx,LM AIIE,2.006845573790072,0.9796747967479674,"Agents and managers for artists, athletes, entertainers, and other public figures"
7115,711500,1,24100,33,7.3029,repo_original,naics4,custom_industry_exposure_repo_original_4digit.csv,1.3601013371911583,0.8709677419354839,711500,"Independent Artists, Writers, and Performers",1,0.6763131,felten_language_modeling_aiie,naics4,Language_Modeling_AIOE_and_AIIE.xlsx,LM AIIE,0.6706196389732987,0.7479674796747967,"Independent artists, writers, and performers"
7131,713100,1,90900,67,4.7074,repo_original,naics4,custom_industry_exposure_repo_original_4digit.csv,-0.45929631093382295,0.3225806451612903,713100,Amusement Parks and Arcades,1,-0.2294791,felten_language_modeling_aiie,naics4,Language_Modeling_AIOE_and_AIIE.xlsx,LM AIIE,-0.23199639966288899,0.45528455284552843,Amusement parks and arcades
7132,713200,1,51800,53,4.9151,repo_original,naics4,custom_industry_exposure_repo_original_4digit.csv,-0.3137024401900131,0.40860215053763443,713200,Gambling Industries,1,-0.0685389,felten_language_modeling_aiie,naics4,Language_Modeling_AIOE_and_AIIE.xlsx,LM AIIE,-0.07162053665444647,0.5203252032520326,Gambling industries (except casino hotels)
7139,713900,1,934700,119,3.6738,repo_original,naics4,custom_industry_exposure_repo_original_4digit.csv,-1.1838308549916077,0.14516129032258066,713900,Other Amusement and Recreation Industries,1,-0.5725563,felten_language_modeling_aiie,naics4,Language_Modeling_AIOE_and_AIIE.xlsx,LM AIIE,-0.573870599076833,0.3617886178861789,Other amusement and recreation industries
7211,721100,1,696300,105,3.6105,repo_original,naics4,custom_industry_exposure_repo_original_4digit.csv,-1.2282029879626386,0.12903225806451613,721100,Traveler Accommodation,1,-0.5285271,felten_language_modeling_aiie,naics4,Language_Modeling_AIOE_and_AIIE.xlsx,LM AIIE,-0.529995787515947,0.3699186991869919,Traveler accommodation
7212,721200,1,44000,39,3.9545,repo_original,naics4,custom_industry_exposure_repo_original_4digit.csv,-0.9870653301105897,0.17204301075268819,721200,RV (Recreational Vehicle) Parks and Recreational Camps,1,-0.2026199,felten_language_modeling_aiie,naics4,Language_Modeling_AIOE_and_AIIE.xlsx,LM AIIE,-0.20523138147777203,0.46747967479674796,RV (recreational vehicle) parks and recreational camps
7213,721300,1,3700,12,3.1622,repo_original,naics4,custom_industry_exposure_repo_original_4digit.csv,-1.5424530228901783,0.04838709677419355,721300,Rooming and Boarding Houses,1,-0.6265475,felten_language_modeling_aiie,naics4,Language_Modeling_AIOE_and_AIIE.xlsx,LM AIIE,-0.6276724788735615,0.34146341463414637,"Rooming and boarding houses, dormitories, and workers' camps"
7223,722300,1,553500,62,3.3899,repo_original,naics4,custom_industry_exposure_repo_original_4digit.csv,-1.3828395208759006,0.0913978494623656,722300,Special Food Services,1,-0.729668,felten_language_modeling_aiie,naics4,Language_Modeling_AIOE_and_AIIE.xlsx,LM AIIE,-0.7304313867248136,0.3089430894308943,Special food services
7224,722400,1,322000,27,2.5823,repo_original,naics4,custom_industry_exposure_repo_original_4digit.csv,-1.948952231577397,0.010752688172043012,722400,Drinking Places (Alcoholic Beverages),1,-0.651397,felten_language_modeling_aiie,naics4,Language_Modeling_AIOE_and_AIIE.xlsx,LM AIIE,-0.6524348440739792,0.33739837398373984,Drinking places (alcoholic beverages)
8111,811100,1,744300,58,3.6651,repo_original,naics4,custom_industry_exposure_repo_original_4digit.csv,-1.1899293945942613,0.13440860215053763,811100,Automotive Repair and Maintenance,1,-1.114094,felten_language_modeling_aiie,naics4,Language_Modeling_AIOE_and_AIIE.xlsx,LM AIIE,-1.1135093965252458,0.14634146341463414,Automotive repair and maintenance
8112,811200,1,47500,60,6.0358,repo_original,naics4,custom_industry_exposure_repo_original_4digit.csv,0.4718875980506599,0.7096774193548387,811200,Electronic and Precision Equipment Repair and Maintenance,1,-0.0773292,felten_language_modeling_aiie,naics4,Language_Modeling_AIOE_and_AIIE.xlsx,LM AIIE,-0.08038001345765108,0.5121951219512195,Electronic and precision equipment repair and maintenance
8113,811300,1,165000,75,4.063,repo_original,naics4,custom_industry_exposure_repo_original_4digit.csv,-0.9110088304683011,0.1881720430107527,811300,Commercial and Industrial Machinery and Equipment (except Automotive and Electronic) Repair and Maintenance,1,-0.879418,felten_language_modeling_aiie,naics4,Language_Modeling_AIOE_and_AIIE.xlsx,LM AIIE,-0.8796562881820895,0.22764227642276422,Commercial and industrial machinery and equipment (except automotive and electronic) repair and maintenance
8114,811400,1,35200,43,4.4574,repo_original,naics4,custom_industry_exposure_repo_original_4digit.csv,-0.6345417018146726,0.25806451612903225,811400,Personal and Household Goods Repair and Maintenance,1,-0.8000787,felten_language_modeling_aiie,naics4,Language_Modeling_AIOE_and_AIIE.xlsx,LM AIIE,-0.8005951915264017,0.2601626016260163,Personal and household goods repair and maintenance
8121,812100,1,648200,33,2.8945,repo_original,naics4,custom_industry_exposure_repo_original_4digit.csv,-1.7301057874453922,0.021505376344086023,812100,Personal Care Services,1,-0.3100892,felten_language_modeling_aiie,naics4,Language_Modeling_AIOE_and_AIIE.xlsx,LM AIIE,-0.3123238402569535,0.43089430894308944,Personal care services
8122,812200,1,57700,27,4.8059,repo_original,naics4,custom_industry_exposure_repo_original_4digit.csv,-0.39024962692676785,0.3548387096774194,812200,Death Care Services,1,-0.0593705,felten_language_modeling_aiie,naics4,Language_Modeling_AIOE_and_AIIE.xlsx,LM AIIE,-0.06248428565931533,0.5284552845528455,Death care services
8123,812300,1,60100,33,4.9684,repo_original,naics4,custom_industry_exposure_repo_original_4digit.csv,-0.27634012285421583,0.42473118279569894,812300,Drycleaning and Laundry Services,1,-0.9959455,felten_language_modeling_aiie,naics4,Language_Modeling_AIOE_and_AIIE.xlsx,LM AIIE,-0.9957751843728254,0.18699186991869918,Drycleaning and laundry services
8129,812900,1,256500,58,3.4565,repo_original,naics4,custom_industry_exposure_repo_original_4digit.csv,-1.336154148745242,0.11290322580645161,812900,Other Personal Services,1,-0.5891773,felten_language_modeling_aiie,naics4,Language_Modeling_AIOE_and_AIIE.xlsx,LM AIIE,-0.590433317521717,0.35772357723577236,Other personal services
8132,813200,1,144100,96,7.0243,repo_original,naics4,custom_industry_exposure_repo_original_4digit.csv,1.1648078735935394,0.8333333333333334,813200,Grantmaking and Giving Services,1,1.779492,felten_language_modeling_aiie,naics4,Language_Modeling_AIOE_and_AIIE.xlsx,LM AIIE,1.7699302409248578,0.943089430894309,Grantmaking and giving services
8133,813300,1,201400,117,5.9682,repo_original,naics4,custom_industry_exposure_repo_original_4digit.csv,0.4245012443564784,0.6989247311827957,813300,Social Advocacy Organizations,1,1.302326,felten_language_modeling_aiie,naics4,Language_Modeling_AIOE_and_AIIE.xlsx,LM AIIE,1.294437424038297,0.8658536585365854,Social advocacy organizations
8134,813400,1,264400,90,4.138,repo_original,naics4,custom_industry_exposure_repo_original_4digit.csv,-0.858435213204046,0.20967741935483872,813400,Civic and Social Organizations,1,0.0471964,felten_language_modeling_aiie,naics4,Language_Modeling_AIOE_and_AIIE.xlsx,LM AIIE,0.04370893738647679,0.5691056910569106,Civic and social organizations
8139,813900,1,344500,136,6.8015,repo_original,naics4,custom_industry_exposure_repo_original_4digit.csv,1.0086291812405261,0.8172043010752689,813900,"Business, Professional, Labor, Political, and Similar Organizations",1,1.402145,felten_language_modeling_aiie,naics4,Language_Modeling_AIOE_and_AIIE.xlsx,LM AIIE,1.3939064086029969,0.8861788617886179,"Business, professional, labor, political, and similar organizations"
9991,999100,1,1313400,193,6.0397,repo_original,naics4,custom_industry_exposure_repo_original_4digit.csv,0.474621426148401,0.7150537634408602,999100,Federal Executive Branch (OES Designation),1,0.9446542,felten_language_modeling_aiie,naics4,Language_Modeling_AIOE_and_AIIE.xlsx,LM AIIE,0.9380198006055992,0.7926829268292683,"Federal government, excluding postal service"
9992,999200,1,1673600,245,5.7975,repo_original,naics4,custom_industry_exposure_repo_original_4digit.csv,0.3048436914630342,0.6559139784946236,999200,"State Government, excluding schools and hospitals (OES Designation)",1,0.7959982,felten_language_modeling_aiie,naics4,Language_Modeling_AIOE_and_AIIE.xlsx,LM AIIE,0.7898850630360981,0.7642276422764228,"State government, excluding education and hospitals"
9993,999300,1,3639500,276,5.075,repo_original,naics4,custom_industry_exposure_repo_original_4digit.csv,-0.20161548818262137,0.43548387096774194,999300,"Local Government, excluding schools and hospitals (OES Designation)",1,0.0238635,felten_language_modeling_aiie,naics4,Language_Modeling_AIOE_and_AIIE.xlsx,LM AIIE,0.02045785422646029,0.5609756097560976,"Local government, excluding education and hospitals"
