comparison_key,raw_naics_examples_left,source_row_count_left,comparison_title_left,covered_employment_2024_left,occupation_count_left,karpathy_score_left,variant_left,comparison_level_left,source_file_left,karpathy_zscore_left,karpathy_percentile_left,raw_naics_examples_right,source_row_count_right,comparison_title_right,covered_employment_2024_right,occupation_count_right,karpathy_score_right,variant_right,comparison_level_right,source_file_right,karpathy_zscore_right,karpathy_percentile_right,comparison_title
1133,113300,1,Logging,33400,11,3.4521,repo_current,naics4,industry_exposure_4digit.csv,-1.4465669152896024,0.053763440860215055,113300,1,Logging,33400,11,3.4162,repo_original,naics4,custom_industry_exposure_repo_original_4digit.csv,-1.3644037057552352,0.10215053763440861,Logging
2121,212100,1,Coal mining,18400,32,3.8098,repo_current,naics4,industry_exposure_4digit.csv,-1.1792322699905602,0.12365591397849462,212100,1,Coal mining,18400,32,3.6685,repo_original,naics4,custom_industry_exposure_repo_original_4digit.csv,-1.1875460572782817,0.13978494623655913,Coal mining
2122,212200,1,Metal ore mining,24100,58,4.1867,repo_current,naics4,industry_exposure_4digit.csv,-0.8975480994196655,0.20430107526881722,212200,1,Metal ore mining,24100,58,4.1701,repo_original,naics4,custom_industry_exposure_repo_original_4digit.csv,-0.8359337050149451,0.22043010752688172,Metal ore mining
2123,212300,1,Nonmetallic mineral mining and quarrying,47700,45,4.5493,repo_current,naics4,industry_exposure_4digit.csv,-0.6265513356918696,0.27956989247311825,212300,1,Nonmetallic mineral mining and quarrying,47700,45,4.4885,repo_original,naics4,custom_industry_exposure_repo_original_4digit.csv,-0.6127411751890947,0.27419354838709675,Nonmetallic mineral mining and quarrying
2211,221100,1,"Electric power generation, transmission and distribution",295300,120,5.2807,repo_current,naics4,industry_exposure_4digit.csv,-0.07992410736724082,0.4946236559139785,221100,1,"Electric power generation, transmission and distribution",295300,120,5.4067,repo_original,naics4,custom_industry_exposure_repo_original_4digit.csv,0.03090009643808971,0.5483870967741935,"Electric power generation, transmission and distribution"
2212,221200,1,Natural gas distribution,61300,83,5.9739,repo_current,naics4,industry_exposure_4digit.csv,0.43815354463526435,0.7043010752688172,221200,1,Natural gas distribution,61300,83,5.9788,repo_original,naics4,custom_industry_exposure_repo_original_4digit.csv,0.43193164892982594,0.7043010752688172,Natural gas distribution
2213,221300,1,"Water, sewage and other systems",42700,48,5.0047,repo_current,naics4,industry_exposure_4digit.csv,-0.2861985331501199,0.43010752688172044,221300,1,"Water, sewage and other systems",42700,48,5.2131,repo_original,naics4,custom_industry_exposure_repo_original_4digit.csv,-0.10480993426004025,0.45698924731182794,"Water, sewage and other systems"
2361,236100,1,Residential building construction,712900,86,4.1163,repo_current,naics4,industry_exposure_4digit.csv,-0.9501630254164579,0.1774193548387097,236100,1,Residential building construction,712900,86,3.8531,repo_original,naics4,custom_industry_exposure_repo_original_4digit.csv,-1.0581448606518622,0.16129032258064516,Residential building construction
2362,236200,1,Nonresidential building construction,668800,97,4.4136,repo_current,naics4,industry_exposure_4digit.csv,-0.7279695950351182,0.24193548387096775,236200,1,Nonresidential building construction,668800,97,4.1882,repo_original,naics4,custom_industry_exposure_repo_original_4digit.csv,-0.8232459387151713,0.22580645161290322,Nonresidential building construction
2371,237100,1,Utility system construction,419800,89,3.5441,repo_current,naics4,industry_exposure_4digit.csv,-1.3778087733619764,0.07526881720430108,237100,1,Utility system construction,419800,89,3.1963,repo_original,naics4,custom_industry_exposure_repo_original_4digit.csv,-1.5185495515740304,0.053763440860215055,Utility system construction
2372,237200,1,Land subdivision,27800,47,5.7158,repo_current,naics4,industry_exposure_4digit.csv,0.24525706168395606,0.6612903225806451,237200,1,Land subdivision,27800,47,5.6079,repo_original,naics4,custom_industry_exposure_repo_original_4digit.csv,0.17193758701899753,0.6236559139784946,Land subdivision
2373,237300,1,"Highway, street, and bridge construction",280500,65,3.6403,repo_current,naics4,industry_exposure_4digit.csv,-1.3059116727811326,0.0967741935483871,237300,1,"Highway, street, and bridge construction",280500,65,3.313,repo_original,naics4,custom_industry_exposure_repo_original_4digit.csv,-1.4367450031108497,0.07526881720430108,"Highway, street, and bridge construction"
2379,237900,1,Other heavy and civil engineering construction,101500,64,3.6916,repo_current,naics4,industry_exposure_4digit.csv,-1.2675715349454015,0.11290322580645161,237900,1,Other heavy and civil engineering construction,101500,64,3.3596,repo_original,naics4,custom_industry_exposure_repo_original_4digit.csv,-1.4040792622506595,0.08064516129032258,Other heavy and civil engineering construction
2381,238100,1,"Foundation, structure, and building exterior contractors",642800,78,3.2186,repo_current,naics4,industry_exposure_4digit.csv,-1.6210780689863495,0.04838709677419355,238100,1,"Foundation, structure, and building exterior contractors",642800,78,3.0316,repo_original,naics4,custom_industry_exposure_repo_original_4digit.csv,-1.6340012150863341,0.03763440860215054,"Foundation, structure, and building exterior contractors"
2382,238200,1,Building equipment contractors,1885000,105,3.8725,repo_current,naics4,industry_exposure_4digit.csv,-1.1323721015246673,0.13978494623655913,238200,1,Building equipment contractors,1885000,105,3.41,repo_original,naics4,custom_industry_exposure_repo_original_4digit.csv,-1.36874979144908,0.0967741935483871,Building equipment contractors
2383,238300,1,Building finishing contractors,640700,69,3.2068,repo_current,naics4,industry_exposure_4digit.csv,-1.6298970480596755,0.043010752688172046,238300,1,Building finishing contractors,640700,69,2.6757,repo_original,naics4,custom_industry_exposure_repo_original_4digit.csv,-1.8834805535443118,0.016129032258064516,Building finishing contractors
2389,238900,1,Other specialty trade contractors,566700,80,3.7552,repo_current,naics4,industry_exposure_4digit.csv,-1.2200387324823907,0.11827956989247312,238900,1,Other specialty trade contractors,566700,80,3.3815,repo_original,naics4,custom_industry_exposure_repo_original_4digit.csv,-1.388727766009497,0.08602150537634409,Other specialty trade contractors
3111,311100,1,Animal food manufacturing,28500,50,5.6246,repo_current,naics4,industry_exposure_4digit.csv,0.17709681664265725,0.6182795698924731,311100,1,Animal food manufacturing,28500,50,5.614,repo_original,naics4,custom_industry_exposure_repo_original_4digit.csv,0.17621357455649025,0.6290322580645161,Animal food manufacturing
3112,311200,1,Grain and oilseed milling,25000,58,5.168,repo_current,naics4,industry_exposure_4digit.csv,-0.1641528312285831,0.46774193548387094,311200,1,Grain and oilseed milling,25000,58,5.136,repo_original,naics4,custom_industry_exposure_repo_original_4digit.csv,-0.15885561280769409,0.44623655913978494,Grain and oilseed milling
3113,311300,1,Sugar and confectionery product manufacturing,22100,54,5.2851,repo_current,naics4,industry_exposure_4digit.csv,-0.07663567449244167,0.5053763440860215,311300,1,Sugar and confectionery product manufacturing,22100,54,5.2986,repo_original,naics4,custom_industry_exposure_repo_original_4digit.csv,-0.04487601057878927,0.5161290322580645,Sugar and confectionery product manufacturing
3114,311400,1,Fruit and vegetable preserving and specialty food manufacturing,54300,60,4.6538,repo_current,naics4,industry_exposure_4digit.csv,-0.5484510549153806,0.3010752688172043,311400,1,Fruit and vegetable preserving and specialty food manufacturing,54300,60,4.5985,repo_original,naics4,custom_industry_exposure_repo_original_4digit.csv,-0.5356332032015212,0.3010752688172043,Fruit and vegetable preserving and specialty food manufacturing
3115,311500,1,Dairy product manufacturing,52600,60,4.9106,repo_current,naics4,industry_exposure_4digit.csv,-0.35652615440435503,0.4032258064516129,311500,1,Dairy product manufacturing,52600,60,4.8099,repo_original,naics4,custom_industry_exposure_repo_original_4digit.csv,-0.3874457006726746,0.3602150537634409,Dairy product manufacturing
3116,311600,1,Animal slaughtering and processing,136100,72,4.1315,repo_current,naics4,industry_exposure_4digit.csv,-0.9388029845762413,0.1881720430107527,311600,1,Animal slaughtering and processing,136100,72,3.964,repo_original,naics4,custom_industry_exposure_repo_original_4digit.csv,-0.9804060052571173,0.1774193548387097,Animal slaughtering and processing
3117,311700,1,Seafood product preparation and packaging,7800,35,4.9359,repo_current,naics4,industry_exposure_4digit.csv,-0.3376176653742574,0.41397849462365593,311700,1,Seafood product preparation and packaging,7800,35,4.8974,repo_original,naics4,custom_industry_exposure_repo_original_4digit.csv,-0.32610981386437693,0.3924731182795699,Seafood product preparation and packaging
3118,311800,1,Bakeries and tortilla manufacturing,186800,61,3.5273,repo_current,naics4,industry_exposure_4digit.csv,-1.3903646079748473,0.06989247311827956,311800,1,Bakeries and tortilla manufacturing,186800,61,3.5123,repo_original,naics4,custom_industry_exposure_repo_original_4digit.csv,-1.2970393775006364,0.11827956989247312,Bakeries and tortilla manufacturing
3119,311900,1,Other food manufacturing,92500,72,4.7859,repo_current,naics4,industry_exposure_4digit.csv,-0.44972333156060473,0.3333333333333333,311900,1,Other food manufacturing,92500,72,4.8011,repo_original,naics4,custom_industry_exposure_repo_original_4digit.csv,-0.3936143384316804,0.34946236559139787,Other food manufacturing
3121,312100,1,Beverage manufacturing,157000,76,4.1229,repo_current,naics4,industry_exposure_4digit.csv,-0.9452303761042589,0.1827956989247312,312100,1,Beverage manufacturing,157000,76,4.1573,repo_original,naics4,custom_industry_exposure_repo_original_4digit.csv,-0.8449062690280442,0.21505376344086022,Beverage manufacturing
3122,312200,1,Tobacco manufacturing,4500,24,5.0889,repo_current,naics4,industry_exposure_4digit.csv,-0.22326988586418373,0.44623655913978494,312200,1,Tobacco manufacturing,4500,24,5.2667,repo_original,naics4,custom_industry_exposure_repo_original_4digit.csv,-0.06723732245518586,0.489247311827957,Tobacco manufacturing
3211,321100,1,Sawmills and wood preservation,26200,40,4.5153,repo_current,naics4,industry_exposure_4digit.csv,-0.6519619533607748,0.26344086021505375,321100,1,Sawmills and wood preservation,26200,40,4.4733,repo_original,naics4,custom_industry_exposure_repo_original_4digit.csv,-0.6233960949546504,0.26344086021505375,Sawmills and wood preservation
3212,321200,1,"Veneer, plywood, and engineered wood product manufacturing",22400,44,5.0893,repo_current,naics4,industry_exposure_4digit.csv,-0.22297093742102017,0.45161290322580644,321200,1,"Veneer, plywood, and engineered wood product manufacturing",22400,44,5.2143,repo_original,naics4,custom_industry_exposure_repo_original_4digit.csv,-0.10396875638381227,0.46236559139784944,"Veneer, plywood, and engineered wood product manufacturing"
3219,321900,1,Other wood product manufacturing,75500,66,4.706,repo_current,naics4,industry_exposure_4digit.csv,-0.5094382830825318,0.3172043010752688,321900,1,Other wood product manufacturing,75500,66,4.7073,repo_original,naics4,custom_industry_exposure_repo_original_4digit.csv,-0.4593664090901751,0.3172043010752688,Other wood product manufacturing
3221,322100,1,"Pulp, paper, and paperboard mills",28800,55,4.8924,repo_current,naics4,industry_exposure_4digit.csv,-0.3701283085682979,0.3870967741935484,322100,1,"Pulp, paper, and paperboard mills",28800,55,4.9444,repo_original,naics4,custom_industry_exposure_repo_original_4digit.csv,-0.29316368037877744,0.41935483870967744,"Pulp, paper, and paperboard mills"
3222,322200,1,Converted paper product manufacturing,75100,61,5.6698,repo_current,naics4,industry_exposure_4digit.csv,0.21087799072014343,0.6344086021505376,322200,1,Converted paper product manufacturing,75100,61,5.7976,repo_original,naics4,custom_industry_exposure_repo_original_4digit.csv,0.30491378961938637,0.6612903225806451,Converted paper product manufacturing
3254,325400,1,Pharmaceutical and medicine manufacturing,183600,100,6.0321,repo_current,naics4,industry_exposure_4digit.csv,0.48165054311556654,0.7258064516129032,325400,1,Pharmaceutical and medicine manufacturing,183600,100,6.3426,repo_original,naics4,custom_industry_exposure_repo_original_4digit.csv,0.6869487417396386,0.7473118279569892,Pharmaceutical and medicine manufacturing
3261,326100,1,Plastics product manufacturing,208300,82,5.2175,repo_current,naics4,industry_exposure_4digit.csv,-0.1271579613870885,0.478494623655914,326100,1,Plastics product manufacturing,208300,82,5.4297,repo_original,naics4,custom_industry_exposure_repo_original_4digit.csv,0.04702267239912828,0.5591397849462365,Plastics product manufacturing
3262,326200,1,Rubber product manufacturing,40000,59,5.31,repo_current,naics4,industry_exposure_4digit.csv,-0.05802613390550829,0.521505376344086,326200,1,Rubber product manufacturing,40000,59,5.545,repo_original,naics4,custom_industry_exposure_repo_original_4digit.csv,0.12784584667337578,0.6075268817204301,Rubber product manufacturing
3311,331100,1,Iron and steel mills and ferroalloy manufacturing,30500,53,4.5836,repo_current,naics4,industry_exposure_4digit.csv,-0.6009165066905915,0.2849462365591398,331100,1,Iron and steel mills and ferroalloy manufacturing,30500,53,4.6557,repo_original,naics4,custom_industry_exposure_repo_original_4digit.csv,-0.49553705776798224,0.3118279569892473,Iron and steel mills and ferroalloy manufacturing
3312,331200,1,Steel product manufacturing from purchased steel,23400,47,4.8462,repo_current,naics4,industry_exposure_4digit.csv,-0.40465685375369337,0.3655913978494624,331200,1,Steel product manufacturing from purchased steel,23400,47,4.9957,repo_original,naics4,custom_industry_exposure_repo_original_4digit.csv,-0.25720332617002684,0.43010752688172044,Steel product manufacturing from purchased steel
3313,331300,1,Alumina and aluminum production and processing,22300,51,4.7892,repo_current,naics4,industry_exposure_4digit.csv,-0.4472570069045049,0.3387096774193548,331300,1,Alumina and aluminum production and processing,22300,51,4.8296,repo_original,naics4,custom_industry_exposure_repo_original_4digit.csv,-0.3736363638712634,0.3655913978494624,Alumina and aluminum production and processing
3314,331400,1,Nonferrous metal (except aluminum) production and processing,28200,53,5.0603,repo_current,naics4,industry_exposure_4digit.csv,-0.24464469955038054,0.44086021505376344,331400,1,Nonferrous metal (except aluminum) production and processing,28200,53,5.2376,repo_original,naics4,custom_industry_exposure_repo_original_4digit.csv,-0.08763588595371717,0.478494623655914,Nonferrous metal (except aluminum) production and processing
3315,331500,1,Foundries,33500,55,4.9224,repo_current,naics4,industry_exposure_4digit.csv,-0.347707175331029,0.40860215053763443,331500,1,Foundries,33500,55,5.1343,repo_original,naics4,custom_industry_exposure_repo_original_4digit.csv,-0.1600472814656842,0.44086021505376344,Foundries
3327,332700,1,"Machine shops; turned product; and screw, nut, and bolt manufacturing",172800,61,4.8194,repo_current,naics4,industry_exposure_4digit.csv,-0.4246863994456538,0.34946236559139787,332700,1,"Machine shops; turned product; and screw, nut, and bolt manufacturing",172800,61,4.9323,repo_original,naics4,custom_industry_exposure_repo_original_4digit.csv,-0.3016455572974107,0.41397849462365593,"Machine shops; turned product; and screw, nut, and bolt manufacturing"
3328,332800,1,"Coating, engraving, heat treating, and allied activities",50100,54,4.7445,repo_current,naics4,industry_exposure_4digit.csv,-0.4806644954280361,0.3279569892473118,332800,1,"Coating, engraving, heat treating, and allied activities",50100,54,4.8583,repo_original,naics4,custom_industry_exposure_repo_original_4digit.csv,-0.3535181929981421,0.3870967741935484,"Coating, engraving, heat treating, and allied activities"
3333,333300,1,Commercial and service industry machinery manufacturing,45900,69,6.2113,repo_current,naics4,industry_exposure_4digit.csv,0.6155794456528557,0.7526881720430108,333300,1,Commercial and service industry machinery manufacturing,45900,69,6.4357,repo_original,naics4,custom_industry_exposure_repo_original_4digit.csv,0.7522101253036668,0.7688172043010753,Commercial and service industry machinery manufacturing
3335,333500,1,Metalworking machinery manufacturing,74900,55,5.4072,repo_current,naics4,industry_exposure_4digit.csv,0.014618337783244569,0.5376344086021505,333500,1,Metalworking machinery manufacturing,74900,55,5.534,repo_original,naics4,custom_industry_exposure_repo_original_4digit.csv,0.12013504947461832,0.5913978494623656,Metalworking machinery manufacturing
3336,333600,1,"Engine, turbine, and power transmission equipment manufacturing",48300,60,5.5942,repo_current,naics4,industry_exposure_4digit.csv,0.1543767349622241,0.6021505376344086,333600,1,"Engine, turbine, and power transmission equipment manufacturing",48300,60,5.8406,repo_original,naics4,custom_industry_exposure_repo_original_4digit.csv,0.33505599685089266,0.6774193548387096,"Engine, turbine, and power transmission equipment manufacturing"
3341,334100,1,Computer and peripheral equipment manufacturing,74400,68,7.2056,repo_current,naics4,industry_exposure_4digit.csv,1.3586905382467547,0.8602150537634409,334100,1,Computer and peripheral equipment manufacturing,74400,68,7.4798,repo_original,naics4,custom_industry_exposure_repo_original_4digit.csv,1.4841049757784475,0.9032258064516129,Computer and peripheral equipment manufacturing
3342,334200,1,Communications equipment manufacturing,50000,67,7.06,repo_current,naics4,industry_exposure_4digit.csv,1.2498733049352073,0.8440860215053764,334200,1,Communications equipment manufacturing,50000,67,7.27,repo_original,naics4,custom_industry_exposure_repo_original_4digit.csv,1.337039043751238,0.8602150537634409,Communications equipment manufacturing
3343,334300,1,Audio and video equipment manufacturing,8800,33,7.0682,repo_current,naics4,industry_exposure_4digit.csv,1.2560017480200611,0.8494623655913979,334300,1,Audio and video equipment manufacturing,8800,33,7.3409,repo_original,naics4,custom_industry_exposure_repo_original_4digit.csv,1.3867386366050476,0.8817204301075269,Audio and video equipment manufacturing
3344,334400,1,Semiconductor and other electronic component manufacturing,242700,84,6.0812,repo_current,naics4,industry_exposure_4digit.csv,0.5183464645138975,0.7365591397849462,334400,1,Semiconductor and other electronic component manufacturing,242700,84,6.3885,repo_original,naics4,custom_industry_exposure_repo_original_4digit.csv,0.7191237955053623,0.7634408602150538,Semiconductor and other electronic component manufacturing
3345,334500,1,"Navigational, measuring, electromedical, and control instruments manufacturing",250900,98,6.7298,repo_current,naics4,industry_exposure_4digit.csv,1.0030913651036624,0.8064516129032258,334500,1,"Navigational, measuring, electromedical, and control instruments manufacturing",250900,98,6.9506,repo_original,naics4,custom_industry_exposure_repo_original_4digit.csv,1.1131455323618646,0.8279569892473119,"Navigational, measuring, electromedical, and control instruments manufacturing"
3346,334600,1,Manufacturing and reproducing magnetic and optical media,4900,27,7.551,repo_current,naics4,industry_exposure_4digit.csv,1.616832518918517,0.9193548387096774,334600,1,Manufacturing and reproducing magnetic and optical media,4900,27,7.7551,repo_original,naics4,custom_industry_exposure_repo_original_4digit.csv,1.677085200216439,0.9408602150537635,Manufacturing and reproducing magnetic and optical media
3351,335100,1,Electric lighting equipment manufacturing,15000,45,6.4533,repo_current,naics4,industry_exposure_4digit.csv,0.7964432537668289,0.7849462365591398,335100,1,Electric lighting equipment manufacturing,15000,45,6.68,repo_original,naics4,custom_industry_exposure_repo_original_4digit.csv,0.923459921272433,0.8010752688172043,Electric lighting equipment manufacturing
3352,335200,1,Household appliance manufacturing,17100,43,5.5088,repo_current,naics4,industry_exposure_4digit.csv,0.09055124234679723,0.5645161290322581,335200,1,Household appliance manufacturing,17100,43,5.7602,repo_original,naics4,custom_industry_exposure_repo_original_4digit.csv,0.27869707914361136,0.6505376344086021,Household appliance manufacturing
3353,335300,1,Electrical equipment manufacturing,64800,62,5.9074,repo_current,naics4,industry_exposure_4digit.csv,0.38845336595931684,0.6881720430107527,335300,1,Electrical equipment manufacturing,64800,62,6.1497,repo_original,naics4,custom_industry_exposure_repo_original_4digit.csv,0.5517293981359751,0.7311827956989247,Electrical equipment manufacturing
3359,335900,1,Other electrical equipment and component manufacturing,67000,65,5.6582,repo_current,naics4,industry_exposure_4digit.csv,0.20220848586839887,0.6236559139784946,335900,1,Other electrical equipment and component manufacturing,67000,65,5.9164,repo_original,naics4,custom_industry_exposure_repo_original_4digit.csv,0.38819039936596633,0.6881720430107527,Other electrical equipment and component manufacturing
3361,336100,1,Motor vehicle manufacturing,89500,80,5.2559,repo_current,naics4,industry_exposure_4digit.csv,-0.09845891084338415,0.489247311827957,336100,1,Motor vehicle manufacturing,89500,80,5.4101,repo_original,naics4,custom_industry_exposure_repo_original_4digit.csv,0.033283433754069315,0.553763440860215,Motor vehicle manufacturing
3362,336200,1,Motor vehicle body and trailer manufacturing,70400,64,3.9929,repo_current,naics4,industry_exposure_4digit.csv,-1.042388620132426,0.16666666666666666,336200,1,Motor vehicle body and trailer manufacturing,70400,64,4.0895,repo_original,naics4,custom_industry_exposure_repo_original_4digit.csv,-0.8924328190349307,0.1935483870967742,Motor vehicle body and trailer manufacturing
3363,336300,1,Motor vehicle parts manufacturing,187500,87,5.0912,repo_current,naics4,industry_exposure_4digit.csv,-0.2215509323159931,0.45698924731182794,336300,1,Motor vehicle parts manufacturing,187500,87,5.3328,repo_original,naics4,custom_industry_exposure_repo_original_4digit.csv,-0.0209024411062895,0.5376344086021505,Motor vehicle parts manufacturing
3364,336400,1,Aerospace product and parts manufacturing,346100,105,5.9642,repo_current,naics4,industry_exposure_4digit.csv,0.4309040448885469,0.6989247311827957,336400,1,Aerospace product and parts manufacturing,346100,105,6.0797,repo_original,naics4,custom_industry_exposure_repo_original_4digit.csv,0.502660688689337,0.7258064516129032,Aerospace product and parts manufacturing
3365,336500,1,Railroad rolling stock manufacturing,12200,35,4.6885,repo_current,naics4,industry_exposure_4digit.csv,-0.522517277470939,0.3118279569892473,336500,1,Railroad rolling stock manufacturing,12200,35,4.8525,repo_original,naics4,custom_industry_exposure_repo_original_4digit.csv,-0.35758388606657765,0.3817204301075269,Railroad rolling stock manufacturing
3366,336600,1,Ship and boat building,78700,73,4.2516,repo_current,naics4,industry_exposure_4digit.csv,-0.849043714516373,0.21505376344086022,336600,1,Ship and boat building,78700,73,4.2313,repo_original,naics4,custom_industry_exposure_repo_original_4digit.csv,-0.7930336333273128,0.23655913978494625,Ship and boat building
3369,336900,1,Other transportation equipment manufacturing,16900,47,5.1657,repo_current,naics4,industry_exposure_4digit.csv,-0.16587178477677372,0.46236559139784944,336900,1,Other transportation equipment manufacturing,16900,47,5.3018,repo_original,naics4,custom_industry_exposure_repo_original_4digit.csv,-0.04263286957551464,0.521505376344086,Other transportation equipment manufacturing
3379,337900,1,Other furniture related product manufacturing,5600,23,6.3214,repo_current,naics4,industry_exposure_4digit.csv,0.6978650046336344,0.7688172043010753,337900,1,Other furniture related product manufacturing,5600,23,6.625,repo_original,naics4,custom_industry_exposure_repo_original_4digit.csv,0.8849059352786464,0.7903225806451613,Other furniture related product manufacturing
3391,339100,1,Medical equipment and supplies manufacturing,180000,92,5.6894,repo_current,naics4,industry_exposure_4digit.csv,0.22552646443515914,0.6559139784946236,339100,1,Medical equipment and supplies manufacturing,180000,92,6.1594,repo_original,naics4,custom_industry_exposure_repo_original_4digit.csv,0.5585289193021518,0.7365591397849462,Medical equipment and supplies manufacturing
3399,339900,1,Other miscellaneous manufacturing,113300,87,6.3698,repo_current,naics4,industry_exposure_4digit.csv,0.7340377662564291,0.7795698924731183,339900,1,Other miscellaneous manufacturing,113300,87,6.5693,repo_original,naics4,custom_industry_exposure_repo_original_4digit.csv,0.8458612621903931,0.7849462365591398,Other miscellaneous manufacturing
4231,423100,1,Motor vehicle and motor vehicle parts and supplies merchant wholesalers,192600,82,5.5182,repo_current,naics4,industry_exposure_4digit.csv,0.09757653076114188,0.5752688172043011,423100,1,Motor vehicle and motor vehicle parts and supplies merchant wholesalers,192600,82,5.6033,repo_original,naics4,custom_industry_exposure_repo_original_4digit.csv,0.16871307182678993,0.6182795698924731,Motor vehicle and motor vehicle parts and supplies merchant wholesalers
4234,423400,1,Professional and commercial equipment and supplies merchant wholesalers,494700,114,6.9416,repo_current,naics4,industry_exposure_4digit.csv,1.1613845657587845,0.8387096774193549,423400,1,Professional and commercial equipment and supplies merchant wholesalers,494700,114,7.2458,repo_original,naics4,custom_industry_exposure_repo_original_4digit.csv,1.3200752899139723,0.8494623655913979,Professional and commercial equipment and supplies merchant wholesalers
4238,423800,1,"Machinery, equipment, and supplies merchant wholesalers",497900,97,5.5696,repo_current,naics4,industry_exposure_4digit.csv,0.13599140570766355,0.5913978494623656,423800,1,"Machinery, equipment, and supplies merchant wholesalers",497900,97,5.7982,repo_original,naics4,custom_industry_exposure_repo_original_4digit.csv,0.30533437855750006,0.6666666666666666,"Machinery, equipment, and supplies merchant wholesalers"
4243,424300,1,"Apparel, piece goods, and notions merchant wholesalers",63600,50,7.305,repo_current,naics4,industry_exposure_4digit.csv,1.4329792263729075,0.8870967741935484,424300,1,"Apparel, piece goods, and notions merchant wholesalers",63600,50,7.5283,repo_original,naics4,custom_industry_exposure_repo_original_4digit.csv,1.518102581609332,0.9086021505376344,"Apparel, piece goods, and notions merchant wholesalers"
4245,424500,1,Farm product raw material merchant wholesalers,32300,47,5.9938,repo_current,naics4,industry_exposure_4digit.csv,0.45302622968265294,0.7204301075268817,424500,1,Farm product raw material merchant wholesalers,32300,47,6.0402,repo_original,naics4,custom_industry_exposure_repo_original_4digit.csv,0.4749719169301625,0.7204301075268817,Farm product raw material merchant wholesalers
4411,441100,1,Automobile dealers,723100,70,4.8556,repo_current,naics4,industry_exposure_4digit.csv,-0.39763156533934874,0.3763440860215054,441100,1,Automobile dealers,723100,70,4.7301,repo_original,naics4,custom_industry_exposure_repo_original_4digit.csv,-0.4433840294418415,0.3333333333333333,Automobile dealers
4412,441200,1,Other motor vehicle dealers,79400,46,4.9811,repo_current,naics4,industry_exposure_4digit.csv,-0.30383649129677187,0.42473118279569894,441200,1,Other motor vehicle dealers,79400,46,4.6033,repo_original,naics4,custom_industry_exposure_repo_original_4digit.csv,-0.5322684916966086,0.3064516129032258,Other motor vehicle dealers
4413,441300,1,"Automotive parts, accessories, and tire retailers",242000,48,4.5438,repo_current,naics4,industry_exposure_4digit.csv,-0.6306618767853687,0.27419354838709675,441300,1,"Automotive parts, accessories, and tire retailers",242000,48,4.495,repo_original,naics4,custom_industry_exposure_repo_original_4digit.csv,-0.6081847950261926,0.27956989247311825,"Automotive parts, accessories, and tire retailers"
4441,444100,1,Building material and supplies dealers,332500,66,6.7435,repo_current,naics4,industry_exposure_4digit.csv,1.0133303492820154,0.8172043010752689,444100,1,Building material and supplies dealers,332500,66,6.8057,repo_original,naics4,custom_industry_exposure_repo_original_4digit.csv,1.0115733038073242,0.8225806451612904,Building material and supplies dealers
4442,444200,1,Lawn and garden equipment and supplies retailers,55400,42,5.5108,repo_current,naics4,industry_exposure_4digit.csv,0.09204598456261504,0.5698924731182796,444200,1,Lawn and garden equipment and supplies retailers,55400,42,5.2671,repo_original,naics4,custom_industry_exposure_repo_original_4digit.csv,-0.06695692982977654,0.4946236559139785,Lawn and garden equipment and supplies retailers
4453,445300,1,"Beer, wine, and liquor retailers",89900,24,6.7775,repo_current,naics4,industry_exposure_4digit.csv,1.0387409669509204,0.8225806451612904,445300,1,"Beer, wine, and liquor retailers",89900,24,6.7775,repo_original,naics4,custom_industry_exposure_repo_original_4digit.csv,0.9918056237159645,0.8118279569892473,"Beer, wine, and liquor retailers"
4491,449100,1,Furniture and home furnishings retailers,119700,60,6.7419,repo_current,naics4,industry_exposure_4digit.csv,1.012134555509361,0.8118279569892473,449100,1,Furniture and home furnishings retailers,119700,60,6.6675,repo_original,naics4,custom_industry_exposure_repo_original_4digit.csv,0.914697651728391,0.7956989247311828,Furniture and home furnishings retailers
4492,449200,1,Electronics and appliance retailers,50000,45,7.542,repo_current,naics4,industry_exposure_4digit.csv,1.6101061789473359,0.9139784946236559,449200,1,Electronics and appliance retailers,50000,45,7.558,repo_original,naics4,custom_industry_exposure_repo_original_4digit.csv,1.538921734045977,0.9139784946236559,Electronics and appliance retailers
4561,456100,1,Health and personal care retailers,690800,80,5.7963,repo_current,naics4,industry_exposure_4digit.csv,0.30542043587062884,0.6720430107526881,456100,1,Health and personal care retailers,690800,80,5.4382,repo_original,naics4,custom_industry_exposure_repo_original_4digit.csv,0.052981015689076975,0.5645161290322581,Health and personal care retailers
4571,457100,1,Gasoline stations,731900,28,6.3533,repo_current,naics4,industry_exposure_4digit.csv,0.7217061429759312,0.7741935483870968,457100,1,Gasoline stations,731900,28,6.3841,repo_original,naics4,custom_industry_exposure_repo_original_4digit.csv,0.7160394766258596,0.7580645161290323,Gasoline stations
4572,457200,1,Fuel dealers,48700,32,5.6715,repo_current,naics4,industry_exposure_4digit.csv,0.21214852160358838,0.6397849462365591,457200,1,Fuel dealers,48700,32,5.2526,repo_original,naics4,custom_industry_exposure_repo_original_4digit.csv,-0.07712116250086579,0.4838709677419355,Fuel dealers
4581,458100,1,Clothing and clothing accessories retailers,124200,48,7.2101,repo_current,naics4,industry_exposure_4digit.csv,1.3620537082323454,0.8655913978494624,458100,1,Clothing and clothing accessories retailers,124200,48,7.2512,repo_original,naics4,custom_industry_exposure_repo_original_4digit.csv,1.3238605903569984,0.8548387096774194,Clothing and clothing accessories retailers
4582,458200,1,Shoe retailers,11800,19,7.2119,repo_current,naics4,industry_exposure_4digit.csv,1.3633989762265817,0.8709677419354839,458200,1,Shoe retailers,11800,19,7.322,repo_original,naics4,custom_industry_exposure_repo_original_4digit.csv,1.3734900850544551,0.8763440860215054,Shoe retailers
4583,458300,1,"Jewelry, luggage, and leather goods retailers",30000,31,6.3033,repo_current,naics4,industry_exposure_4digit.csv,0.6843375875804822,0.7634408602150538,458300,1,"Jewelry, luggage, and leather goods retailers",30000,31,6.35,repo_original,naics4,custom_industry_exposure_repo_original_4digit.csv,0.6921360053097114,0.7526881720430108,"Jewelry, luggage, and leather goods retailers"
4592,459200,1,Book retailers and news dealers,12500,20,5.232,repo_current,naics4,industry_exposure_4digit.csv,-0.1163210803224083,0.4838709677419355,459200,1,Book retailers and news dealers,12500,20,5.64,repo_original,naics4,custom_industry_exposure_repo_original_4digit.csv,0.1944390952080985,0.6344086021505376,Book retailers and news dealers
4593,459300,1,Florists,35000,22,3.92,repo_current,naics4,industry_exposure_4digit.csv,-1.0968719738989907,0.15591397849462366,459300,1,Florists,35000,22,3.7429,repo_original,naics4,custom_industry_exposure_repo_original_4digit.csv,-1.1353930289521406,0.15053763440860216,Florists
4599,459900,1,Other miscellaneous retailers,175700,88,5.8099,repo_current,naics4,industry_exposure_4digit.csv,0.31558468293819114,0.6774193548387096,459900,1,Other miscellaneous retailers,175700,88,5.8184,repo_original,naics4,custom_industry_exposure_repo_original_4digit.csv,0.3194942061406727,0.6720430107526881,Other miscellaneous retailers
4811,481100,1,Scheduled air transportation,261400,52,4.4805,repo_current,naics4,industry_exposure_4digit.csv,-0.677970467916007,0.25806451612903225,481100,1,Scheduled air transportation,261400,52,4.4805,repo_original,naics4,custom_industry_exposure_repo_original_4digit.csv,-0.6183490276972818,0.26881720430107525,Scheduled air transportation
4812,481200,1,Nonscheduled air transportation,36000,35,5.5722,repo_current,naics4,industry_exposure_4digit.csv,0.13793457058822634,0.5967741935483871,481200,1,Nonscheduled air transportation,36000,35,5.5722,repo_original,naics4,custom_industry_exposure_repo_original_4digit.csv,0.146912545201212,0.6129032258064516,Nonscheduled air transportation
4831,483100,1,"Deep sea, coastal, and great lakes water transportation",29700,46,5.8182,repo_current,naics4,industry_exposure_4digit.csv,0.32178786313383584,0.6827956989247311,483100,1,"Deep sea, coastal, and great lakes water transportation",29700,46,5.8653,repo_original,naics4,custom_industry_exposure_repo_original_4digit.csv,0.3523702414699207,0.6827956989247311,"Deep sea, coastal, and great lakes water transportation"
4832,483200,1,Inland water transportation,22600,22,3.5575,repo_current,naics4,industry_exposure_4digit.csv,-1.3677940005159959,0.08602150537634409,483200,1,Inland water transportation,22600,22,3.5221,repo_original,naics4,custom_industry_exposure_repo_original_4digit.csv,-1.290169758178107,0.12365591397849462,Inland water transportation
4851,485100,1,Urban transit systems,12800,29,4.8984,repo_current,naics4,industry_exposure_4digit.csv,-0.3656440819208446,0.3924731182795699,485100,1,Urban transit systems,12800,29,4.7188,repo_original,naics4,custom_industry_exposure_repo_original_4digit.csv,-0.45130512110965615,0.3279569892473118,Urban transit systems
4852,485200,1,Interurban and rural bus transportation,3200,12,4.8438,repo_current,naics4,industry_exposure_4digit.csv,-0.4064505444126747,0.3602150537634409,485200,1,Interurban and rural bus transportation,3200,12,4.5938,repo_original,naics4,custom_industry_exposure_repo_original_4digit.csv,-0.5389278165500809,0.2956989247311828,Interurban and rural bus transportation
4853,485300,1,Taxi and limousine service,41500,31,6.2506,repo_current,naics4,industry_exposure_4digit.csv,0.6449511301936792,0.7580645161290323,485300,1,Taxi and limousine service,41500,31,6.2145,repo_original,naics4,custom_industry_exposure_repo_original_4digit.csv,0.5971530034522913,0.7419354838709677,Taxi and limousine service
4854,485400,1,School and employee bus transportation,158600,23,4.1526,repo_current,naics4,industry_exposure_4digit.csv,-0.9230334541993621,0.1935483870967742,485400,1,School and employee bus transportation,158600,23,4.1362,repo_original,naics4,custom_industry_exposure_repo_original_4digit.csv,-0.8596969800183883,0.20430107526881722,School and employee bus transportation
4855,485500,1,Charter bus industry,8200,17,4.9024,repo_current,naics4,industry_exposure_4digit.csv,-0.3626545974892083,0.3978494623655914,485500,1,Charter bus industry,8200,17,4.7439,repo_original,naics4,custom_industry_exposure_repo_original_4digit.csv,-0.43371048386521877,0.3387096774193548,Charter bus industry
4859,485900,1,Other transit and ground passenger transportation,81100,31,5.2922,repo_current,naics4,industry_exposure_4digit.csv,-0.07132933962628767,0.5161290322580645,485900,1,Other transit and ground passenger transportation,81100,31,5.2713,repo_original,naics4,custom_industry_exposure_repo_original_4digit.csv,-0.06401280726297828,0.5,Other transit and ground passenger transportation
4861,486100,1,Pipeline transportation of crude oil,5700,31,5.614,repo_current,naics4,industry_exposure_4digit.csv,0.16917468289882193,0.6129032258064516,486100,1,Pipeline transportation of crude oil,5700,31,5.7018,repo_original,naics4,custom_industry_exposure_repo_original_4digit.csv,0.23775975583384504,0.6397849462365591,Pipeline transportation of crude oil
4862,486200,1,Pipeline transportation of natural gas,14000,42,4.8714,repo_current,naics4,industry_exposure_4digit.csv,-0.38582310183438645,0.3817204301075269,486200,1,Pipeline transportation of natural gas,14000,42,4.8429,repo_original,naics4,custom_industry_exposure_repo_original_4digit.csv,-0.36431330907640214,0.3709677419354839,Pipeline transportation of natural gas
4869,486900,1,Other pipeline transportation,2700,15,4.8519,repo_current,naics4,industry_exposure_4digit.csv,-0.4003968384386121,0.3709677419354839,486900,1,Other pipeline transportation,2700,15,4.8519,repo_original,naics4,custom_industry_exposure_repo_original_4digit.csv,-0.35800447500469196,0.3763440860215054,Other pipeline transportation
4871,487100,1,"Scenic and sightseeing transportation, land",5400,20,4.5185,repo_current,naics4,industry_exposure_4digit.csv,-0.6495703658154656,0.26881720430107525,487100,1,"Scenic and sightseeing transportation, land",5400,20,4.9074,repo_original,naics4,custom_industry_exposure_repo_original_4digit.csv,-0.3190999982291431,0.3978494623655914,"Scenic and sightseeing transportation, land"
4872,487200,1,"Scenic and sightseeing transportation, water",11800,20,3.8729,repo_current,naics4,industry_exposure_4digit.csv,-1.1320731530815036,0.14516129032258066,487200,1,"Scenic and sightseeing transportation, water",11800,20,3.9153,repo_original,naics4,custom_industry_exposure_repo_original_4digit.csv,-1.014543807400707,0.16666666666666666,"Scenic and sightseeing transportation, water"
4879,487900,1,"Scenic and sightseeing transportation, other",1200,6,5.6667,repo_current,naics4,industry_exposure_4digit.csv,0.208561140285625,0.6290322580645161,487900,1,"Scenic and sightseeing transportation, other",1200,6,5.75,repo_original,naics4,custom_industry_exposure_repo_original_4digit.csv,0.27154706719567256,0.6451612903225806,"Scenic and sightseeing transportation, other"
4881,488100,1,Support activities for air transportation,86800,79,5.2857,repo_current,naics4,industry_exposure_4digit.csv,-0.07618725182769599,0.510752688172043,488100,1,Support activities for air transportation,86800,79,5.2166,repo_original,naics4,custom_industry_exposure_repo_original_4digit.csv,-0.10235649878770847,0.46774193548387094,Support activities for air transportation
4882,488200,1,Support activities for rail transportation,18600,38,4.4677,repo_current,naics4,industry_exposure_4digit.csv,-0.6875368180972423,0.25268817204301075,488200,1,Support activities for rail transportation,18600,38,4.4032,repo_original,naics4,custom_industry_exposure_repo_original_4digit.csv,-0.6725349025576407,0.25268817204301075,Support activities for rail transportation
4883,488300,1,Support activities for water transportation,45800,39,4.0677,repo_current,naics4,industry_exposure_4digit.csv,-0.986485261260834,0.17204301075268819,488300,1,Support activities for water transportation,45800,39,4.0066,repo_original,naics4,custom_industry_exposure_repo_original_4digit.csv,-0.9505441906510207,0.1827956989247312,Support activities for water transportation
4884,488400,1,Support activities for road transportation,75600,37,5.3294,repo_current,naics4,industry_exposure_4digit.csv,-0.043527134412074,0.5268817204301075,488400,1,Support activities for road transportation,75600,37,5.2937,repo_original,naics4,custom_industry_exposure_repo_original_4digit.csv,-0.048310820240054016,0.510752688172043,Support activities for road transportation
4885,488500,1,Freight transportation arrangement,102600,54,7.3567,repo_current,naics4,industry_exposure_4digit.csv,1.471618312651802,0.8978494623655914,488500,1,Freight transportation arrangement,102600,54,7.3752,repo_original,naics4,custom_industry_exposure_repo_original_4digit.csv,1.4107823042339003,0.8870967741935484,Freight transportation arrangement
4889,488900,1,Other support activities for transportation,14400,33,6.5069,repo_current,naics4,industry_exposure_4digit.csv,0.8365023451507505,0.7956989247311828,488900,1,Other support activities for transportation,14400,33,6.4931,repo_original,naics4,custom_industry_exposure_repo_original_4digit.csv,0.7924464670499101,0.7741935483870968,Other support activities for transportation
4921,492100,1,Couriers and express delivery services,173600,49,5.4389,repo_current,naics4,industry_exposure_4digit.csv,0.03831000190395979,0.543010752688172,492100,1,Couriers and express delivery services,173600,49,5.4026,repo_original,naics4,custom_industry_exposure_repo_original_4digit.csv,0.028026072027643623,0.543010752688172,Couriers and express delivery services
4922,492200,1,Local messengers and local delivery,24000,32,6.0333,repo_current,naics4,industry_exposure_4digit.csv,0.48254738844505723,0.7311827956989247,492200,1,Local messengers and local delivery,24000,32,5.5375,repo_original,naics4,custom_industry_exposure_repo_original_4digit.csv,0.12258848494695011,0.5967741935483871,Local messengers and local delivery
5121,512100,1,Motion picture and video industries,228900,95,6.4688,repo_current,naics4,industry_exposure_4digit.csv,0.8080275059394183,0.7903225806451613,512100,1,Motion picture and video industries,228900,95,6.5671,repo_original,naics4,custom_industry_exposure_repo_original_4digit.csv,0.8443191027506415,0.7795698924731183,Motion picture and video industries
5122,512200,1,Sound recording industries,15500,34,7.2129,repo_current,naics4,industry_exposure_4digit.csv,1.3641463473344908,0.8763440860215054,512200,1,Sound recording industries,15500,34,7.271,repo_original,naics4,custom_industry_exposure_repo_original_4digit.csv,1.3377400253147618,0.8655913978494624,Sound recording industries
5131,513100,1,"Newspaper, Periodical, Book, and Directory Publishers",196800,76,8.0396,repo_current,naics4,industry_exposure_4digit.csv,1.9819980422428447,0.9731182795698925,513100,1,"Newspaper, Periodical, Book, and Directory Publishers",196800,76,8.0163,repo_original,naics4,custom_industry_exposure_repo_original_4digit.csv,1.8601815846087504,0.967741935483871,"Newspaper, Periodical, Book, and Directory Publishers"
5132,513200,1,Software publishers,476500,75,8.106,repo_current,naics4,industry_exposure_4digit.csv,2.031623483808001,0.9838709677419355,513200,1,Software publishers,476500,75,8.1927,repo_original,naics4,custom_industry_exposure_repo_original_4digit.csv,1.9838347324142784,0.989247311827957,Software publishers
5161,516100,1,Radio and Television Broadcasting Stations,102000,58,7.2853,repo_current,naics4,industry_exposure_4digit.csv,1.4182560155471011,0.8817204301075269,516100,1,Radio and Television Broadcasting Stations,102000,58,7.1735,repo_original,naics4,custom_industry_exposure_repo_original_4digit.csv,1.2693943228712303,0.8440860215053764,Radio and Television Broadcasting Stations
5222,522200,1,Nondepository credit intermediation,330400,76,7.7209,repo_current,naics4,industry_exposure_4digit.csv,1.743810870152253,0.946236559139785,522200,1,Nondepository credit intermediation,330400,76,8.0578,repo_original,naics4,custom_industry_exposure_repo_original_4digit.csv,1.889272319494972,0.978494623655914,Nondepository credit intermediation
5241,524100,1,Insurance carriers,1248600,116,7.7396,repo_current,naics4,industry_exposure_4digit.csv,1.7577867098701507,0.9516129032258065,524100,1,Insurance carriers,1248600,116,7.635,repo_original,naics4,custom_industry_exposure_repo_original_4digit.csv,1.5928973144372787,0.9193548387096774,Insurance carriers
5242,524200,1,"Agencies, brokerages, and other insurance related activities",1094700,90,7.7014,repo_current,naics4,industry_exposure_4digit.csv,1.7292371335480272,0.9408602150537635,524200,1,"Agencies, brokerages, and other insurance related activities",1094700,90,7.6599,repo_original,naics4,custom_industry_exposure_repo_original_4digit.csv,1.6103517553690119,0.9301075268817204,"Agencies, brokerages, and other insurance related activities"
5251,525100,1,Insurance and employee benefit funds,9100,34,7.9231,repo_current,naics4,industry_exposure_4digit.csv,1.8949293081714484,0.967741935483871,525100,1,Insurance and employee benefit funds,9100,34,7.8791,repo_original,naics4,custom_industry_exposure_repo_original_4digit.csv,1.7640069140933405,0.9516129032258065,Insurance and employee benefit funds
5259,525900,1,Other investment pools and funds,13300,30,7.3684,repo_current,naics4,industry_exposure_4digit.csv,1.4803625546143373,0.9032258064516129,525900,1,Other investment pools and funds,13300,30,7.4586,repo_original,naics4,custom_industry_exposure_repo_original_4digit.csv,1.469244166631751,0.8978494623655914,Other investment pools and funds
5321,532100,1,Automotive equipment rental and leasing,93500,45,4.6011,repo_current,naics4,industry_exposure_4digit.csv,-0.5878375123021843,0.2903225806451613,532100,1,Automotive equipment rental and leasing,93500,45,4.2364,repo_original,naics4,custom_industry_exposure_repo_original_4digit.csv,-0.7894586273533437,0.24193548387096775,Automotive equipment rental and leasing
5411,541100,1,Legal services,1063000,64,8.3813,repo_current,naics4,industry_exposure_4digit.csv,2.237374749815343,0.9946236559139785,541100,1,Legal services,1063000,64,8.2503,repo_original,naics4,custom_industry_exposure_repo_original_4digit.csv,2.0242112704732254,0.9946236559139785,Legal services
5412,541200,1,"Accounting, tax preparation, bookkeeping, and payroll services",887100,95,7.6687,repo_current,naics4,industry_exposure_4digit.csv,1.7047980983194042,0.9354838709677419,541200,1,"Accounting, tax preparation, bookkeeping, and payroll services",887100,95,7.9587,repo_original,naics4,custom_industry_exposure_repo_original_4digit.csv,1.8198050465498032,0.9623655913978495,"Accounting, tax preparation, bookkeeping, and payroll services"
5413,541300,1,"Architectural, engineering, and related services",1450000,172,6.5615,repo_current,naics4,industry_exposure_4digit.csv,0.8773088076425807,0.8010752688172043,541300,1,"Architectural, engineering, and related services",1450000,172,6.7219,repo_original,naics4,custom_industry_exposure_repo_original_4digit.csv,0.9528310487840634,0.8064516129032258,"Architectural, engineering, and related services"
5414,541400,1,Specialized design services,105800,70,7.6626,repo_current,naics4,industry_exposure_4digit.csv,1.7002391345611594,0.9301075268817204,541400,1,Specialized design services,105800,70,7.7117,repo_original,naics4,custom_industry_exposure_repo_original_4digit.csv,1.646662600359524,0.9354838709677419,Specialized design services
5415,541500,1,Computer systems design and related services,1882900,117,8.0894,repo_current,naics4,industry_exposure_4digit.csv,2.0192171234167113,0.978494623655914,541500,1,Computer systems design and related services,1882900,117,8.107,repo_original,naics4,custom_industry_exposure_repo_original_4digit.csv,1.9237606124203226,0.9838709677419355,Computer systems design and related services
5416,541600,1,"Management, scientific, and technical consulting services",1279200,173,7.5362,repo_current,naics4,industry_exposure_4digit.csv,1.605771426521464,0.9086021505376344,541600,1,"Management, scientific, and technical consulting services",1279200,173,7.4279,repo_original,naics4,custom_industry_exposure_repo_original_4digit.csv,1.4477240326315832,0.8924731182795699,"Management, scientific, and technical consulting services"
5417,541700,1,Scientific research and development services,724400,190,6.877,repo_current,naics4,industry_exposure_4digit.csv,1.113104392187864,0.8279569892473119,541700,1,Scientific research and development services,724400,190,7.0371,repo_original,naics4,custom_industry_exposure_repo_original_4digit.csv,1.1737804376066387,0.8387096774193549,Scientific research and development services
5418,541800,1,"Advertising, public relations, and related services",329700,80,7.7962,repo_current,naics4,industry_exposure_4digit.csv,1.8000879145777988,0.9623655913978495,541800,1,"Advertising, public relations, and related services",329700,80,7.886,repo_original,naics4,custom_industry_exposure_repo_original_4digit.csv,1.768843686881652,0.956989247311828,"Advertising, public relations, and related services"
5419,541900,1,"Other professional, scientific, and technical services",720300,130,5.4819,repo_current,naics4,industry_exposure_4digit.csv,0.07044695954404605,0.553763440860215,541900,1,"Other professional, scientific, and technical services",720300,130,5.4522,repo_original,naics4,custom_industry_exposure_repo_original_4digit.csv,0.06279475757840472,0.5698924731182796,"Other professional, scientific, and technical services"
5611,561100,1,Office administrative services,414300,104,7.7511,repo_current,naics4,industry_exposure_4digit.csv,1.766381477611104,0.956989247311828,561100,1,Office administrative services,414300,104,7.6512,repo_original,naics4,custom_industry_exposure_repo_original_4digit.csv,1.604253215766358,0.9247311827956989,Office administrative services
5612,561200,1,Facilities support services,128500,107,3.6646,repo_current,naics4,industry_exposure_4digit.csv,-1.287750554858944,0.10215053763440861,561200,1,Facilities support services,128500,107,3.2125,repo_original,naics4,custom_industry_exposure_repo_original_4digit.csv,-1.5071936502449514,0.05913978494623656,Facilities support services
5613,561300,1,Employment services,1549300,241,5.6733,repo_current,naics4,industry_exposure_4digit.csv,0.21349378959782472,0.6451612903225806,561300,1,Employment services,1549300,241,5.4745,repo_original,naics4,custom_industry_exposure_repo_original_4digit.csv,0.0784266464449762,0.5806451612903226,Employment services
5614,561400,1,Business support services,437600,75,8.5519,repo_current,naics4,industry_exposure_4digit.csv,2.364876260824615,1.0,561400,1,Business support services,437600,75,8.6305,repo_original,naics4,custom_industry_exposure_repo_original_4digit.csv,2.290724460924822,1.0,Business support services
5615,561500,1,Travel arrangement and reservation services,118400,64,7.5709,repo_current,naics4,industry_exposure_4digit.csv,1.6317052039659057,0.9247311827956989,561500,1,Travel arrangement and reservation services,118400,64,8.0566,repo_original,naics4,custom_industry_exposure_repo_original_4digit.csv,1.8884311416187434,0.9731182795698925,Travel arrangement and reservation services
5616,561600,1,Investigation and security services,821400,62,4.3302,repo_current,naics4,industry_exposure_4digit.csv,-0.7903003454347272,0.22580645161290322,561600,1,Investigation and security services,821400,62,5.2337,repo_original,naics4,custom_industry_exposure_repo_original_4digit.csv,-0.09036971405145827,0.4731182795698925,Investigation and security services
5617,561700,1,Services to buildings and dwellings,1827500,55,2.6111,repo_current,naics4,industry_exposure_4digit.csv,-2.075106017041055,0.005376344086021506,561700,1,Services to buildings and dwellings,1827500,55,1.7521,repo_original,naics4,custom_industry_exposure_repo_original_4digit.csv,-2.530907125614523,0.005376344086021506,Services to buildings and dwellings
5619,561900,1,Other support services,122700,90,5.6822,repo_current,naics4,industry_exposure_4digit.csv,0.22014539245821443,0.6505376344086021,561900,1,Other support services,122700,90,5.9258,repo_original,naics4,custom_industry_exposure_repo_original_4digit.csv,0.39477962606308586,0.6935483870967742,Other support services
5621,562100,1,Waste collection,95300,49,5.3494,repo_current,naics4,industry_exposure_4digit.csv,-0.028579712253894052,0.532258064516129,562100,1,Waste collection,95300,49,5.3211,repo_original,naics4,custom_industry_exposure_repo_original_4digit.csv,-0.02910392539951283,0.532258064516129,Waste collection
5622,562200,1,Waste treatment and disposal,56600,62,4.8057,repo_current,naics4,industry_exposure_4digit.csv,-0.4349253836240069,0.34408602150537637,562200,1,Waste treatment and disposal,56600,62,4.7792,repo_original,naics4,custom_industry_exposure_repo_original_4digit.csv,-0.40896583467284253,0.34408602150537637,Waste treatment and disposal
5629,562900,1,Remediation and other waste management services,110400,70,4.2908,repo_current,naics4,industry_exposure_4digit.csv,-0.8197467670863408,0.22043010752688172,562900,1,Remediation and other waste management services,110400,70,4.1187,repo_original,naics4,custom_industry_exposure_repo_original_4digit.csv,-0.8719641573800478,0.1989247311827957,Remediation and other waste management services
6211,621100,1,Offices of physicians,2513300,132,5.9885,repo_current,naics4,industry_exposure_4digit.csv,0.4490651628107353,0.7150537634408602,621100,1,Offices of physicians,2513300,132,5.5424,repo_original,naics4,custom_industry_exposure_repo_original_4digit.csv,0.12602329460821485,0.6021505376344086,Offices of physicians
6212,621200,1,Offices of dentists,978300,33,4.6554,repo_current,naics4,industry_exposure_4digit.csv,-0.5472552611427264,0.3064516129032258,621200,1,Offices of dentists,978300,33,4.198,repo_original,naics4,custom_industry_exposure_repo_original_4digit.csv,-0.8163763193926418,0.23118279569892472,Offices of dentists
6213,621300,1,Offices of other health practitioners,1086900,103,5.2172,repo_current,naics4,industry_exposure_4digit.csv,-0.1273821727194613,0.4731182795698925,621300,1,Offices of other health practitioners,1086900,103,4.9103,repo_original,naics4,custom_industry_exposure_repo_original_4digit.csv,-0.317067151694925,0.4032258064516129,Offices of other health practitioners
6214,621400,1,Outpatient care centers,929500,138,5.6103,repo_current,naics4,industry_exposure_4digit.csv,0.1664094097995585,0.6075268817204301,621400,1,Outpatient care centers,929500,138,5.1445,repo_original,naics4,custom_industry_exposure_repo_original_4digit.csv,-0.1528972695177454,0.45161290322580644,Outpatient care centers
6215,621500,1,Medical and diagnostic laboratories,245400,85,5.564,repo_current,naics4,industry_exposure_4digit.csv,0.13180612750337306,0.5860215053763441,621500,1,Medical and diagnostic laboratories,245400,85,5.2881,repo_original,naics4,custom_industry_exposure_repo_original_4digit.csv,-0.05223631699578524,0.5053763440860215,Medical and diagnostic laboratories
6216,621600,1,Home healthcare services,1670600,85,3.1441,repo_current,naics4,industry_exposure_4digit.csv,-1.6767572165255686,0.026881720430107527,621600,1,Home healthcare services,1670600,85,2.952,repo_original,naics4,custom_industry_exposure_repo_original_4digit.csv,-1.6897993475427968,0.026881720430107527,Home healthcare services
6219,621900,1,Other ambulatory healthcare services,297500,106,4.7176,repo_current,naics4,industry_exposure_4digit.csv,-0.5007687782307879,0.3225806451612903,621900,1,Other ambulatory healthcare services,297500,106,4.5002,repo_original,naics4,custom_industry_exposure_repo_original_4digit.csv,-0.6045396908958707,0.2849462365591398,Other ambulatory healthcare services
6231,623100,1,Nursing care facilities (skilled nursing facilities),1256300,92,3.4566,repo_current,naics4,industry_exposure_4digit.csv,-1.4432037453040123,0.05913978494623656,623100,1,Nursing care facilities (skilled nursing facilities),1256300,92,3.246,repo_original,naics4,custom_industry_exposure_repo_original_4digit.csv,-1.4837107678669175,0.06451612903225806,Nursing care facilities (skilled nursing facilities)
6232,623200,1,"Residential intellectual and developmental disability, mental health, and substance abuse facilities",598800,90,3.5449,repo_current,naics4,industry_exposure_4digit.csv,-1.377210876475649,0.08064516129032258,623200,1,"Residential intellectual and developmental disability, mental health, and substance abuse facilities",598800,90,3.4208,repo_original,naics4,custom_industry_exposure_repo_original_4digit.csv,-1.3611791905630275,0.10752688172043011,"Residential intellectual and developmental disability, mental health, and substance abuse facilities"
6233,623300,1,Continuing care retirement communities and assisted living facilities for the elderly,772700,84,3.184,repo_current,naics4,industry_exposure_4digit.csv,-1.64693710932,0.03225806451612903,623300,1,Continuing care retirement communities and assisted living facilities for the elderly,772700,84,3.0537,repo_original,naics4,custom_industry_exposure_repo_original_4digit.csv,-1.618509522532467,0.043010752688172046,Continuing care retirement communities and assisted living facilities for the elderly
6239,623900,1,Other residential care facilities,137900,72,3.9637,repo_current,naics4,industry_exposure_4digit.csv,-1.0642118564833685,0.16129032258064516,623900,1,Other residential care facilities,137900,72,3.7861,repo_original,naics4,custom_industry_exposure_repo_original_4digit.csv,-1.1051106254079301,0.15591397849462366,Other residential care facilities
6241,624100,1,Individual and family services,3056100,129,3.0443,repo_current,naics4,industry_exposure_4digit.csv,-1.751344853094885,0.021505376344086023,624100,1,Individual and family services,3056100,129,2.9689,repo_original,naics4,custom_industry_exposure_repo_original_4digit.csv,-1.6779527591192511,0.03225806451612903,Individual and family services
6242,624200,1,"Community food and housing, and emergency and other relief services",163500,98,5.507,repo_current,naics4,industry_exposure_4digit.csv,0.08920597435256089,0.5591397849462365,624200,1,"Community food and housing, and emergency and other relief services",163500,98,5.3193,repo_original,naics4,custom_industry_exposure_repo_original_4digit.csv,-0.030365692213855117,0.5268817204301075,"Community food and housing, and emergency and other relief services"
6243,624300,1,Vocational rehabilitation services,201100,90,4.463,repo_current,naics4,industry_exposure_4digit.csv,-0.6910494623044142,0.24731182795698925,624300,1,Vocational rehabilitation services,201100,90,4.3287,repo_original,naics4,custom_industry_exposure_repo_original_4digit.csv,-0.7247580290401335,0.24731182795698925,Vocational rehabilitation services
6244,624400,1,Child daycare services,1026000,69,3.665,repo_current,naics4,industry_exposure_4digit.csv,-1.2874516064157806,0.10752688172043011,624400,1,Child daycare services,1026000,69,3.2853,repo_original,naics4,custom_industry_exposure_repo_original_4digit.csv,-1.456162192420448,0.06989247311827956,Child daycare services
7111,711100,1,Performing arts companies,93400,68,5.5225,repo_current,naics4,industry_exposure_4digit.csv,0.1007902265251503,0.5806451612903226,711100,1,Performing arts companies,93400,68,5.5128,repo_original,naics4,custom_industry_exposure_repo_original_4digit.csv,0.10527424032792267,0.5860215053763441,Performing arts companies
7112,711200,1,Spectator sports,109100,93,4.6205,repo_current,naics4,industry_exposure_4digit.csv,-0.57333851280875,0.2956989247311828,711200,1,Spectator sports,109100,93,4.5637,repo_original,naics4,custom_industry_exposure_repo_original_4digit.csv,-0.5600273616121353,0.2903225806451613,Spectator sports
7113,711300,1,"Promoters of performing arts, sports, and similar events",101400,83,5.2811,repo_current,naics4,industry_exposure_4digit.csv,-0.07962515892407726,0.5,711300,1,"Promoters of performing arts, sports, and similar events",101400,83,5.4546,repo_original,naics4,custom_industry_exposure_repo_original_4digit.csv,0.06447711333086069,0.5752688172043011,"Promoters of performing arts, sports, and similar events"
7114,711400,1,"Agents and managers for artists, athletes, entertainers, and other public figures",10300,19,8.2427,repo_current,naics4,industry_exposure_4digit.csv,2.133789114259158,0.989247311827957,711400,1,"Agents and managers for artists, athletes, entertainers, and other public figures",10300,19,7.8252,repo_original,naics4,custom_industry_exposure_repo_original_4digit.csv,1.726224007819429,0.946236559139785,"Agents and managers for artists, athletes, entertainers, and other public figures"
7115,711500,1,"Independent artists, writers, and performers",24100,33,7.3278,repo_current,naics4,industry_exposure_4digit.csv,1.4500192876332325,0.8924731182795699,711500,1,"Independent artists, writers, and performers",24100,33,7.3029,repo_original,naics4,custom_industry_exposure_repo_original_4digit.csv,1.3601013371911583,0.8709677419354839,"Independent artists, writers, and performers"
7131,713100,1,Amusement parks and arcades,90900,67,4.374,repo_current,naics4,industry_exposure_4digit.csv,-0.7575654909083138,0.23655913978494625,713100,1,Amusement parks and arcades,90900,67,4.7074,repo_original,naics4,custom_industry_exposure_repo_original_4digit.csv,-0.45929631093382295,0.3225806451612903,Amusement parks and arcades
7132,713200,1,Gambling industries (except casino hotels),51800,53,4.8205,repo_current,naics4,industry_exposure_4digit.csv,-0.42386429122695385,0.3548387096774194,713200,1,Gambling industries (except casino hotels),51800,53,4.9151,repo_original,naics4,custom_industry_exposure_repo_original_4digit.csv,-0.3137024401900131,0.40860215053763443,Gambling industries (except casino hotels)
7139,713900,1,Other amusement and recreation industries,934700,119,3.8252,repo_current,naics4,industry_exposure_4digit.csv,-1.1677227549287619,0.13440860215053763,713900,1,Other amusement and recreation industries,934700,119,3.6738,repo_original,naics4,custom_industry_exposure_repo_original_4digit.csv,-1.1838308549916077,0.14516129032258066,Other amusement and recreation industries
7211,721100,1,Traveler accommodation,696300,105,3.8099,repo_current,naics4,industry_exposure_4digit.csv,-1.1791575328797694,0.12903225806451613,721100,1,Traveler accommodation,696300,105,3.6105,repo_original,naics4,custom_industry_exposure_repo_original_4digit.csv,-1.2282029879626386,0.12903225806451613,Traveler accommodation
7212,721200,1,RV (recreational vehicle) parks and recreational camps,44000,39,4.3591,repo_current,naics4,industry_exposure_4digit.csv,-0.7687013204161576,0.23118279569892472,721200,1,RV (recreational vehicle) parks and recreational camps,44000,39,3.9545,repo_original,naics4,custom_industry_exposure_repo_original_4digit.csv,-0.9870653301105897,0.17204301075268819,RV (recreational vehicle) parks and recreational camps
7213,721300,1,"Rooming and boarding houses, dormitories, and workers' camps",3700,12,3.5676,repo_current,naics4,industry_exposure_4digit.csv,-1.3602455523261152,0.0913978494623656,721300,1,"Rooming and boarding houses, dormitories, and workers' camps",3700,12,3.1622,repo_original,naics4,custom_industry_exposure_repo_original_4digit.csv,-1.5424530228901783,0.04838709677419355,"Rooming and boarding houses, dormitories, and workers' camps"
7223,722300,1,Special food services,553500,62,3.1937,repo_current,naics4,industry_exposure_4digit.csv,-1.6396876095732829,0.03763440860215054,722300,1,Special food services,553500,62,3.3899,repo_original,naics4,custom_industry_exposure_repo_original_4digit.csv,-1.3828395208759006,0.0913978494623656,Special food services
7224,722400,1,Drinking places (alcoholic beverages),322000,27,2.6143,repo_current,naics4,industry_exposure_4digit.csv,-2.072714429495746,0.010752688172043012,722400,1,Drinking places (alcoholic beverages),322000,27,2.5823,repo_original,naics4,custom_industry_exposure_repo_original_4digit.csv,-1.948952231577397,0.010752688172043012,Drinking places (alcoholic beverages)
8111,811100,1,Automotive repair and maintenance,744300,58,3.9061,repo_current,naics4,industry_exposure_4digit.csv,-1.1072604322989255,0.15053763440860216,811100,1,Automotive repair and maintenance,744300,58,3.6651,repo_original,naics4,custom_industry_exposure_repo_original_4digit.csv,-1.1899293945942613,0.13440860215053763,Automotive repair and maintenance
8112,811200,1,Electronic and precision equipment repair and maintenance,47500,60,5.9832,repo_current,naics4,industry_exposure_4digit.csv,0.4451040959388176,0.7096774193548387,811200,1,Electronic and precision equipment repair and maintenance,47500,60,6.0358,repo_original,naics4,custom_industry_exposure_repo_original_4digit.csv,0.4718875980506599,0.7096774193548387,Electronic and precision equipment repair and maintenance
8113,811300,1,Commercial and industrial machinery and equipment (except automotive and electronic) repair and maintenance,165000,75,4.1539,repo_current,naics4,industry_exposure_4digit.csv,-0.92206187175908,0.1989247311827957,811300,1,Commercial and industrial machinery and equipment (except automotive and electronic) repair and maintenance,165000,75,4.063,repo_original,naics4,custom_industry_exposure_repo_original_4digit.csv,-0.9110088304683011,0.1881720430107527,Commercial and industrial machinery and equipment (except automotive and electronic) repair and maintenance
8114,811400,1,Personal and household goods repair and maintenance,35200,43,4.9773,repo_current,naics4,industry_exposure_4digit.csv,-0.306676501506826,0.41935483870967744,811400,1,Personal and household goods repair and maintenance,35200,43,4.4574,repo_original,naics4,custom_industry_exposure_repo_original_4digit.csv,-0.6345417018146726,0.25806451612903225,Personal and household goods repair and maintenance
8121,812100,1,Personal care services,648200,33,2.8278,repo_current,naics4,industry_exposure_4digit.csv,-1.913150697957179,0.016129032258064516,812100,1,Personal care services,648200,33,2.8945,repo_original,naics4,custom_industry_exposure_repo_original_4digit.csv,-1.7301057874453922,0.021505376344086023,Personal care services
8122,812200,1,Death care services,57700,27,5.4627,repo_current,naics4,industry_exposure_4digit.csv,0.05609743427219322,0.5483870967741935,812200,1,Death care services,57700,27,4.8059,repo_original,naics4,custom_industry_exposure_repo_original_4digit.csv,-0.39024962692676785,0.3548387096774194,Death care services
8123,812300,1,Drycleaning and laundry services,60100,33,5.7471,repo_current,naics4,industry_exposure_4digit.csv,0.268649777361507,0.6666666666666666,812300,1,Drycleaning and laundry services,60100,33,4.9684,repo_original,naics4,custom_industry_exposure_repo_original_4digit.csv,-0.27634012285421583,0.42473118279569894,Drycleaning and laundry services
8129,812900,1,Other personal services,256500,58,3.4955,repo_current,naics4,industry_exposure_4digit.csv,-1.4141310092063528,0.06451612903225806,812900,1,Other personal services,256500,58,3.4565,repo_original,naics4,custom_industry_exposure_repo_original_4digit.csv,-1.336154148745242,0.11290322580645161,Other personal services
8132,813200,1,Grantmaking and giving services,144100,96,7.0992,repo_current,naics4,industry_exposure_4digit.csv,1.2791702523652395,0.8548387096774194,813200,1,Grantmaking and giving services,144100,96,7.0243,repo_original,naics4,custom_industry_exposure_repo_original_4digit.csv,1.1648078735935394,0.8333333333333334,Grantmaking and giving services
8133,813300,1,Social advocacy organizations,201400,117,6.1117,repo_current,naics4,industry_exposure_4digit.csv,0.5411412833051215,0.7419354838709677,813300,1,Social advocacy organizations,201400,117,5.9682,repo_original,naics4,custom_industry_exposure_repo_original_4digit.csv,0.4245012443564784,0.6989247311827957,Social advocacy organizations
8134,813400,1,Civic and social organizations,264400,90,4.2061,repo_current,naics4,industry_exposure_4digit.csv,-0.8830490999262313,0.20967741935483872,813400,1,Civic and social organizations,264400,90,4.138,repo_original,naics4,custom_industry_exposure_repo_original_4digit.csv,-0.858435213204046,0.20967741935483872,Civic and social organizations
8139,813900,1,"Business, professional, labor, political, and similar organizations",344500,136,6.8955,repo_current,naics4,industry_exposure_4digit.csv,1.1269307576841805,0.8333333333333334,813900,1,"Business, professional, labor, political, and similar organizations",344500,136,6.8015,repo_original,naics4,custom_industry_exposure_repo_original_4digit.csv,1.0086291812405261,0.8172043010752689,"Business, professional, labor, political, and similar organizations"
9991,999100,1,"Federal government, excluding postal service",1313400,193,6.1745,repo_current,naics4,industry_exposure_4digit.csv,0.5880761888818056,0.7473118279569892,999100,1,"Federal government, excluding postal service",1313400,193,6.0397,repo_original,naics4,custom_industry_exposure_repo_original_4digit.csv,0.474621426148401,0.7150537634408602,"Federal government, excluding postal service"
9992,999200,1,"State government, excluding education and hospitals",1673600,245,5.9455,repo_current,naics4,industry_exposure_4digit.csv,0.416928205170649,0.6935483870967742,999200,1,"State government, excluding education and hospitals",1673600,245,5.7975,repo_original,naics4,custom_industry_exposure_repo_original_4digit.csv,0.3048436914630342,0.6559139784946236,"State government, excluding education and hospitals"
9993,999300,1,"Local government, excluding education and hospitals",3639500,276,5.0533,repo_current,naics4,industry_exposure_4digit.csv,-0.24987629730574315,0.43548387096774194,999300,1,"Local government, excluding education and hospitals",3639500,276,5.075,repo_original,naics4,custom_industry_exposure_repo_original_4digit.csv,-0.20161548818262137,0.43548387096774194,"Local government, excluding education and hospitals"
