comparison_key,raw_naics_examples,raw_title_examples,source_row_count,metric_value,comparison_title,metric_name,comparison_level,source_file,sheet_name,metric_zscore,metric_percentile
1133,113300,Logging,1,-1.73983,Logging,felten_language_modeling_aiie,naics4,Language_Modeling_AIOE_and_AIIE.xlsx,LM AIIE,-1.7370512525404043,0.008130081300813009
1151,115100,Support Activities for Crop Production,1,-1.93639,Support Activities for Crop Production,felten_language_modeling_aiie,naics4,Language_Modeling_AIOE_and_AIIE.xlsx,LM AIIE,-1.9329220146802517,0.0040650406504065045
1152,115200,Support Activities for Animal Production,1,-1.034116,Support Activities for Animal Production,felten_language_modeling_aiie,naics4,Language_Modeling_AIOE_and_AIIE.xlsx,LM AIIE,-1.0338118394718234,0.17479674796747968
2111,211100,Oil and Gas Extraction,1,0.4488801,Oil and Gas Extraction,felten_language_modeling_aiie,naics4,Language_Modeling_AIOE_and_AIIE.xlsx,LM AIIE,0.4439841330425299,0.6585365853658537
2121,212100,Coal Mining,1,-1.38403,Coal mining,felten_language_modeling_aiie,naics4,Language_Modeling_AIOE_and_AIIE.xlsx,LM AIIE,-1.3824988656389101,0.06097560975609756
2122,212200,Metal Ore Mining,1,-1.112581,Metal ore mining,felten_language_modeling_aiie,naics4,Language_Modeling_AIOE_and_AIIE.xlsx,LM AIIE,-1.1120017018614405,0.15040650406504066
2123,212300,Nonmetallic Mineral Mining and Quarrying,1,-1.219409,Nonmetallic mineral mining and quarrying,felten_language_modeling_aiie,naics4,Language_Modeling_AIOE_and_AIIE.xlsx,LM AIIE,-1.2184551093597902,0.08130081300813008
2131,213100,Support Activities for Mining,1,-1.103578,Support Activities for Mining,felten_language_modeling_aiie,naics4,Language_Modeling_AIOE_and_AIIE.xlsx,LM AIIE,-1.103030270891024,0.15447154471544716
2211,221100,"Electric Power Generation, Transmission and Distribution",1,0.0499917,"Electric power generation, transmission and distribution",felten_language_modeling_aiie,naics4,Language_Modeling_AIOE_and_AIIE.xlsx,LM AIIE,0.04649443566389598,0.573170731707317
2212,221200,Natural Gas Distribution,1,0.2033846,Natural gas distribution,felten_language_modeling_aiie,naics4,Language_Modeling_AIOE_and_AIIE.xlsx,LM AIIE,0.19934946328824169,0.6056910569105691
2213,221300,"Water, Sewage and Other Systems",1,-0.2695695,"Water, sewage and other systems",felten_language_modeling_aiie,naics4,Language_Modeling_AIOE_and_AIIE.xlsx,LM AIIE,-0.27194622263038665,0.44308943089430897
2361,236100,Residential Building Construction,1,-0.7263659,Residential building construction,felten_language_modeling_aiie,naics4,Language_Modeling_AIOE_and_AIIE.xlsx,LM AIIE,-0.7271408655421621,0.3130081300813008
2362,236200,Nonresidential Building Construction,1,-0.7161099,Nonresidential building construction,felten_language_modeling_aiie,naics4,Language_Modeling_AIOE_and_AIIE.xlsx,LM AIIE,-0.716920828217649,0.3170731707317073
2371,237100,Utility System Construction,1,-1.218836,Utility system construction,felten_language_modeling_aiie,naics4,Language_Modeling_AIOE_and_AIIE.xlsx,LM AIIE,-1.2178841185849318,0.08536585365853659
2372,237200,Land Subdivision,1,0.4659384,Land subdivision,felten_language_modeling_aiie,naics4,Language_Modeling_AIOE_and_AIIE.xlsx,LM AIIE,0.46098261809447416,0.6747967479674797
2373,237300,"Highway, Street, and Bridge Construction",1,-1.362089,"Highway, street, and bridge construction",felten_language_modeling_aiie,naics4,Language_Modeling_AIOE_and_AIIE.xlsx,LM AIIE,-1.3606348017799847,0.06504065040650407
2379,237900,Other Heavy and Civil Engineering Construction,1,-1.16696,Other heavy and civil engineering construction,felten_language_modeling_aiie,naics4,Language_Modeling_AIOE_and_AIIE.xlsx,LM AIIE,-1.1661900218370345,0.11382113821138211
2381,238100,"Foundation, Structure, and Building Exterior Contractors",1,-1.621387,"Foundation, structure, and building exterior contractors",felten_language_modeling_aiie,naics4,Language_Modeling_AIOE_and_AIIE.xlsx,LM AIIE,-1.6190235730525635,0.012195121951219513
2382,238200,Building Equipment Contractors,1,-0.9264848,Building equipment contractors,felten_language_modeling_aiie,naics4,Language_Modeling_AIOE_and_AIIE.xlsx,LM AIIE,-0.9265580483951733,0.2032520325203252
2383,238300,Building Finishing Contractors,1,-1.44051,Building finishing contractors,felten_language_modeling_aiie,naics4,Language_Modeling_AIOE_and_AIIE.xlsx,LM AIIE,-1.4387808184556508,0.04878048780487805
2389,238900,Other Specialty Trade Contractors,1,-1.392268,Other specialty trade contractors,felten_language_modeling_aiie,naics4,Language_Modeling_AIOE_and_AIIE.xlsx,LM AIIE,-1.3907079790826833,0.056910569105691054
3111,311100,Animal Food Manufacturing,1,-0.8605075,Animal food manufacturing,felten_language_modeling_aiie,naics4,Language_Modeling_AIOE_and_AIIE.xlsx,LM AIIE,-0.8608120978715197,0.23577235772357724
3112,311200,Grain and Oilseed Milling,1,-0.7862635,Grain and oilseed milling,felten_language_modeling_aiie,naics4,Language_Modeling_AIOE_and_AIIE.xlsx,LM AIIE,-0.7868284345406751,0.2764227642276423
3113,311300,Sugar and Confectionery Product Manufacturing,1,-0.7428267,Sugar and confectionery product manufacturing,felten_language_modeling_aiie,naics4,Language_Modeling_AIOE_and_AIIE.xlsx,LM AIIE,-0.7435439457285254,0.2967479674796748
3114,311400,Fruit and Vegetable Preserving and Specialty Food Manufacturing,1,-0.9997897,Fruit and vegetable preserving and specialty food manufacturing,felten_language_modeling_aiie,naics4,Language_Modeling_AIOE_and_AIIE.xlsx,LM AIIE,-0.9996059046812198,0.18292682926829268
3115,311500,Dairy Product Manufacturing,1,-0.8946212,Dairy product manufacturing,felten_language_modeling_aiie,naics4,Language_Modeling_AIOE_and_AIIE.xlsx,LM AIIE,-0.8948061781442614,0.21544715447154472
3116,311600,Animal Slaughtering and Processing,1,-1.515035,Animal slaughtering and processing,felten_language_modeling_aiie,naics4,Language_Modeling_AIOE_and_AIIE.xlsx,LM AIIE,-1.5130444964596808,0.036585365853658534
3117,311700,Seafood Product Preparation and Packaging,1,-1.162078,Seafood product preparation and packaging,felten_language_modeling_aiie,naics4,Language_Modeling_AIOE_and_AIIE.xlsx,LM AIIE,-1.1613251405755023,0.11788617886178862
3118,311800,Bakeries and Tortilla Manufacturing,1,-0.7666731,Bakeries and tortilla manufacturing,felten_language_modeling_aiie,naics4,Language_Modeling_AIOE_and_AIIE.xlsx,LM AIIE,-0.7673067283002168,0.2886178861788618
3119,311900,Other Food Manufacturing,1,-0.8497112,Other food manufacturing,felten_language_modeling_aiie,naics4,Language_Modeling_AIOE_and_AIIE.xlsx,LM AIIE,-0.8500536551095619,0.23983739837398374
3121,312100,Beverage Manufacturing,1,-0.5721259,Beverage manufacturing,felten_language_modeling_aiie,naics4,Language_Modeling_AIOE_and_AIIE.xlsx,LM AIIE,-0.573441708274915,0.36585365853658536
3122,312200,Tobacco Manufacturing,1,-0.9705914,Tobacco manufacturing,felten_language_modeling_aiie,naics4,Language_Modeling_AIOE_and_AIIE.xlsx,LM AIIE,-0.9705099885528727,0.1910569105691057
3131,313100,"Fiber, Yarn, and Thread Mills",1,-1.614728,"Fiber, Yarn, and Thread Mills",felten_language_modeling_aiie,naics4,Language_Modeling_AIOE_and_AIIE.xlsx,LM AIIE,-1.6123879228435218,0.016260162601626018
3132,313200,Fabric Mills,1,-1.129803,Fabric Mills,felten_language_modeling_aiie,naics4,Language_Modeling_AIOE_and_AIIE.xlsx,LM AIIE,-1.1291633128991512,0.13008130081300814
3133,313300,Textile and Fabric Finishing and Fabric Coating Mills,1,-0.5264533,Textile and Fabric Finishing and Fabric Coating Mills,felten_language_modeling_aiie,naics4,Language_Modeling_AIOE_and_AIIE.xlsx,LM AIIE,-0.5279292592979696,0.37398373983739835
3141,314100,Textile Furnishings Mills,1,-1.210906,Textile Furnishings Mills,felten_language_modeling_aiie,naics4,Language_Modeling_AIOE_and_AIIE.xlsx,LM AIIE,-1.2099819251388138,0.09349593495934959
3149,314900,Other Textile Product Mills,1,-0.7875527,Other Textile Product Mills,felten_language_modeling_aiie,naics4,Language_Modeling_AIOE_and_AIIE.xlsx,LM AIIE,-0.7881131139594311,0.27235772357723576
3151,315100,Apparel Knitting Mills,1,-1.238002,Apparel Knitting Mills,felten_language_modeling_aiie,naics4,Language_Modeling_AIOE_and_AIIE.xlsx,LM AIIE,-1.2369829129844654,0.07723577235772358
3152,315200,Cut and Sew Apparel Manufacturing,1,-0.8943688,Cut and Sew Apparel Manufacturing,felten_language_modeling_aiie,naics4,Language_Modeling_AIOE_and_AIIE.xlsx,LM AIIE,-0.8945546631851441,0.21951219512195122
3159,315900,Apparel Accessories and Other Apparel Manufacturing,1,-1.059133,Apparel Accessories and Other Apparel Manufacturing,felten_language_modeling_aiie,naics4,Language_Modeling_AIOE_and_AIIE.xlsx,LM AIIE,-1.0587411173333037,0.16260162601626016
3161,316100,Leather and Hide Tanning and Finishing,1,-1.134037,Leather and Hide Tanning and Finishing,felten_language_modeling_aiie,naics4,Language_Modeling_AIOE_and_AIIE.xlsx,LM AIIE,-1.1333824663734091,0.12601626016260162
3162,316200,Footwear Manufacturing,1,-0.591018,Footwear Manufacturing,felten_language_modeling_aiie,naics4,Language_Modeling_AIOE_and_AIIE.xlsx,LM AIIE,-0.5922675631051054,0.35365853658536583
3169,316900,Other Leather and Allied Product Manufacturing,1,-0.8250354,Other Leather and Allied Product Manufacturing,felten_language_modeling_aiie,naics4,Language_Modeling_AIOE_and_AIIE.xlsx,LM AIIE,-0.8254643808298995,0.24796747967479674
3211,321100,Sawmills and Wood Preservation,1,-1.499142,Sawmills and wood preservation,felten_language_modeling_aiie,naics4,Language_Modeling_AIOE_and_AIIE.xlsx,LM AIIE,-1.4972072252819815,0.04065040650406504
3212,321200,"Veneer, Plywood, and Engineered Wood Product Manufacturing",1,-1.211077,"Veneer, plywood, and engineered wood product manufacturing",felten_language_modeling_aiie,naics4,Language_Modeling_AIOE_and_AIIE.xlsx,LM AIIE,-1.210152325527122,0.08943089430894309
3219,321900,Other Wood Product Manufacturing,1,-1.183151,Other wood product manufacturing,felten_language_modeling_aiie,naics4,Language_Modeling_AIOE_and_AIIE.xlsx,LM AIIE,-1.1823242480774,0.1016260162601626
3221,322100,"Pulp, Paper, and Paperboard Mills",1,-1.054775,"Pulp, paper, and paperboard mills",felten_language_modeling_aiie,naics4,Language_Modeling_AIOE_and_AIIE.xlsx,LM AIIE,-1.0543983986651848,0.16666666666666666
3222,322200,Converted Paper Product Manufacturing,1,-0.885119,Converted paper product manufacturing,felten_language_modeling_aiie,naics4,Language_Modeling_AIOE_and_AIIE.xlsx,LM AIIE,-0.8853372976192041,0.22357723577235772
3231,323100,Printing and Related Support Activities,1,-0.3234247,Printing and Related Support Activities,felten_language_modeling_aiie,naics4,Language_Modeling_AIOE_and_AIIE.xlsx,LM AIIE,-0.3256125793112673,0.4268292682926829
3241,324100,Petroleum and Coal Products Manufacturing,1,-0.4347589,Petroleum and Coal Products Manufacturing,felten_language_modeling_aiie,naics4,Language_Modeling_AIOE_and_AIIE.xlsx,LM AIIE,-0.4365563858142699,0.3902439024390244
3250,3250A1 | 3250A2,"Chemical Manufacturing (3251, 3252, 3253, and 3259 only) | Chemical Manufacturing (3255 and 3256 only)",2,-0.36296325,"Chemical Manufacturing (3251, 3252, 3253, and 3259 only) | Chemical Manufacturing (3255 and 3256 only)",felten_language_modeling_aiie,naics4,Language_Modeling_AIOE_and_AIIE.xlsx,LM AIIE,-0.36501248734140807,0.4105691056910569
3254,325400,Pharmaceutical and Medicine Manufacturing,1,0.309366,Pharmaceutical and medicine manufacturing,felten_language_modeling_aiie,naics4,Language_Modeling_AIOE_and_AIIE.xlsx,LM AIIE,0.30495923939043956,0.6382113821138211
3261,326100,Plastics Product Manufacturing,1,-0.911464,Plastics product manufacturing,felten_language_modeling_aiie,naics4,Language_Modeling_AIOE_and_AIIE.xlsx,LM AIIE,-0.9115899188471971,0.2073170731707317
3262,326200,Rubber Product Manufacturing,1,-1.120887,Rubber product manufacturing,felten_language_modeling_aiie,naics4,Language_Modeling_AIOE_and_AIIE.xlsx,LM AIIE,-1.1202785768631374,0.13821138211382114
3270,327000,Nonmetallic Mineral Product Manufacturing,1,-1.085041,Nonmetallic Mineral Product Manufacturing,felten_language_modeling_aiie,naics4,Language_Modeling_AIOE_and_AIIE.xlsx,LM AIIE,-1.0845582709022858,0.15853658536585366
3311,331100,Iron and Steel Mills and Ferroalloy Manufacturing,1,-1.134565,Iron and steel mills and ferroalloy manufacturing,felten_language_modeling_aiie,naics4,Language_Modeling_AIOE_and_AIIE.xlsx,LM AIIE,-1.1339086149408177,0.12195121951219512
3312,331200,Steel Product Manufacturing from Purchased Steel,1,-1.026607,Steel product manufacturing from purchased steel,felten_language_modeling_aiie,naics4,Language_Modeling_AIOE_and_AIIE.xlsx,LM AIIE,-1.0263291697887338,0.17886178861788618
3313,331300,Alumina and Aluminum Production and Processing,1,-1.117275,Alumina and aluminum production and processing,felten_language_modeling_aiie,naics4,Language_Modeling_AIOE_and_AIIE.xlsx,LM AIIE,-1.116679242345183,0.14227642276422764
3314,331400,Nonferrous Metal (except Aluminum) Production and Processing,1,-0.8714696,Nonferrous metal (except aluminum) production and processing,felten_language_modeling_aiie,naics4,Language_Modeling_AIOE_and_AIIE.xlsx,LM AIIE,-0.8717357592555918,0.23170731707317074
3315,331500,Foundries,1,-1.168177,Foundries,felten_language_modeling_aiie,naics4,Language_Modeling_AIOE_and_AIIE.xlsx,LM AIIE,-1.1674027544251715,0.10975609756097561
3320,3320A1 | 3320A2,"Fabricated Metal Product Manufacturing (3321, 3322, 3325, 3326, and 3329 only) | Fabricated Metal Product Manufacturing (3323 and 3324 only)",2,-0.73622235,"Fabricated Metal Product Manufacturing (3321, 3322, 3325, 3326, and 3329 only) | Fabricated Metal Product Manufacturing (3323 and 3324 only)",felten_language_modeling_aiie,naics4,Language_Modeling_AIOE_and_AIIE.xlsx,LM AIIE,-0.7369627538891975,0.3008130081300813
3327,332700,"Machine Shops; Turned Product; and Screw, Nut, and Bolt Manufacturing",1,-0.7429362,"Machine shops; turned product; and screw, nut, and bolt manufacturing",felten_language_modeling_aiie,naics4,Language_Modeling_AIOE_and_AIIE.xlsx,LM AIIE,-0.7436530617666529,0.2926829268292683
3328,332800,"Coating, Engraving, Heat Treating, and Allied Activities",1,-0.8038041,"Coating, engraving, heat treating, and allied activities",felten_language_modeling_aiie,naics4,Language_Modeling_AIOE_and_AIIE.xlsx,LM AIIE,-0.8043075284071292,0.25609756097560976
3330,3330A1,"Machinery Manufacturing (3331, 3332, 3334, and 3339 only)",1,-0.2270722,"Machinery Manufacturing (3331, 3332, 3334, and 3339 only)",felten_language_modeling_aiie,naics4,Language_Modeling_AIOE_and_AIIE.xlsx,LM AIIE,-0.22959793946043477,0.45934959349593496
3333,333300,Commercial and Service Industry Machinery Manufacturing,1,0.1626688,Commercial and service industry machinery manufacturing,felten_language_modeling_aiie,naics4,Language_Modeling_AIOE_and_AIIE.xlsx,LM AIIE,0.1587764332865445,0.5934959349593496
3335,333500,Metalworking Machinery Manufacturing,1,-0.5041936,Metalworking machinery manufacturing,felten_language_modeling_aiie,naics4,Language_Modeling_AIOE_and_AIIE.xlsx,LM AIIE,-0.5057476129609512,0.3821138211382114
3336,333600,"Engine, Turbine, and Power Transmission Equipment Manufacturing",1,-0.0730968,"Engine, turbine, and power transmission equipment manufacturing",felten_language_modeling_aiie,naics4,Language_Modeling_AIOE_and_AIIE.xlsx,LM AIIE,-0.07616245437299149,0.516260162601626
3341,334100,Computer and Peripheral Equipment Manufacturing,1,1.397711,Computer and peripheral equipment manufacturing,felten_language_modeling_aiie,naics4,Language_Modeling_AIOE_and_AIIE.xlsx,LM AIIE,1.389487956428963,0.8821138211382114
3342,334200,Communications Equipment Manufacturing,1,0.991125,Communications equipment manufacturing,felten_language_modeling_aiie,naics4,Language_Modeling_AIOE_and_AIIE.xlsx,LM AIIE,0.9843276506933507,0.8008130081300813
3343,334300,Audio and Video Equipment Manufacturing,1,0.9976608,Audio and video equipment manufacturing,felten_language_modeling_aiie,naics4,Language_Modeling_AIOE_and_AIIE.xlsx,LM AIIE,0.9908405329033304,0.8089430894308943
3344,334400,Semiconductor and Other Electronic Component Manufacturing,1,0.4500771,Semiconductor and other electronic component manufacturing,felten_language_modeling_aiie,naics4,Language_Modeling_AIOE_and_AIIE.xlsx,LM AIIE,0.4451769357606893,0.6626016260162602
3345,334500,"Navigational, Measuring, Electromedical, and Control Instruments Manufacturing",1,0.877932,"Navigational, measuring, electromedical, and control instruments manufacturing",felten_language_modeling_aiie,naics4,Language_Modeling_AIOE_and_AIIE.xlsx,LM AIIE,0.87153156207463,0.7764227642276422
3346,334600,Manufacturing and Reproducing Magnetic and Optical Media,1,0.1217256,Manufacturing and reproducing magnetic and optical media,felten_language_modeling_aiie,naics4,Language_Modeling_AIOE_and_AIIE.xlsx,LM AIIE,0.11797680066320204,0.5813008130081301
3351,335100,Electric Lighting Equipment Manufacturing,1,0.4803347,Electric lighting equipment manufacturing,felten_language_modeling_aiie,naics4,Language_Modeling_AIOE_and_AIIE.xlsx,LM AIIE,0.47532843745239994,0.6829268292682927
3352,335200,Household Appliance Manufacturing,1,-0.1022941,Household appliance manufacturing,felten_language_modeling_aiie,naics4,Language_Modeling_AIOE_and_AIIE.xlsx,LM AIIE,-0.1052573740078397,0.5
3353,335300,Electrical Equipment Manufacturing,1,0.1497846,Electrical equipment manufacturing,felten_language_modeling_aiie,naics4,Language_Modeling_AIOE_and_AIIE.xlsx,LM AIIE,0.14593741174827515,0.5894308943089431
3359,335900,Other Electrical Equipment and Component Manufacturing,1,-0.1593534,Other electrical equipment and component manufacturing,felten_language_modeling_aiie,naics4,Language_Modeling_AIOE_and_AIIE.xlsx,LM AIIE,-0.16211659550848173,0.4878048780487805
3361,336100,Motor Vehicle Manufacturing,1,-0.4568835,Motor vehicle manufacturing,felten_language_modeling_aiie,naics4,Language_Modeling_AIOE_and_AIIE.xlsx,LM AIIE,-0.45860340587958975,0.3861788617886179
3362,336200,Motor Vehicle Body and Trailer Manufacturing,1,-0.89675,Motor vehicle body and trailer manufacturing,felten_language_modeling_aiie,naics4,Language_Modeling_AIOE_and_AIIE.xlsx,LM AIIE,-0.8969275135046771,0.21138211382113822
3363,336300,Motor Vehicle Parts Manufacturing,1,-0.7298725,Motor vehicle parts manufacturing,felten_language_modeling_aiie,naics4,Language_Modeling_AIOE_and_AIIE.xlsx,LM AIIE,-0.7306351696453346,0.3048780487804878
3364,336400,Aerospace Product and Parts Manufacturing,1,0.2732446,Aerospace product and parts manufacturing,felten_language_modeling_aiie,naics4,Language_Modeling_AIOE_and_AIIE.xlsx,LM AIIE,0.2689644991199966,0.6219512195121951
3365,336500,Railroad Rolling Stock Manufacturing,1,-0.792437,Railroad rolling stock manufacturing,felten_language_modeling_aiie,naics4,Language_Modeling_AIOE_and_AIIE.xlsx,LM AIIE,-0.7929802871560105,0.2682926829268293
3366,336600,Ship and Boat Building,1,-0.7998238,Ship and boat building,felten_language_modeling_aiie,naics4,Language_Modeling_AIOE_and_AIIE.xlsx,LM AIIE,-0.8003411853335372,0.26422764227642276
3369,336900,Other Transportation Equipment Manufacturing,1,-0.297176,Other transportation equipment manufacturing,felten_language_modeling_aiie,naics4,Language_Modeling_AIOE_and_AIIE.xlsx,LM AIIE,-0.2994559204072166,0.4349593495934959
3370,3370A1,Furniture and Related Product Manufacturing (3371 and 3372 only),1,-1.048481,Furniture and Related Product Manufacturing (3371 and 3372 only),felten_language_modeling_aiie,naics4,Language_Modeling_AIOE_and_AIIE.xlsx,LM AIIE,-1.048126468583234,0.17073170731707318
3379,337900,Other Furniture Related Product Manufacturing,1,-0.6635574,Other furniture related product manufacturing,felten_language_modeling_aiie,naics4,Language_Modeling_AIOE_and_AIIE.xlsx,LM AIIE,-0.6645526036177593,0.32926829268292684
3391,339100,Medical Equipment and Supplies Manufacturing,1,0.013895,Medical equipment and supplies manufacturing,felten_language_modeling_aiie,naics4,Language_Modeling_AIOE_and_AIIE.xlsx,LM AIIE,0.010524308782875282,0.556910569105691
3399,339900,Other Miscellaneous Manufacturing,1,-0.1698289,Other miscellaneous manufacturing,felten_language_modeling_aiie,naics4,Language_Modeling_AIOE_and_AIIE.xlsx,LM AIIE,-0.17255536315599887,0.4796747967479675
4230,4230A1,"Merchant Wholesalers, Durable Goods (4232, 4233, 4235, 4236, 4237, and 4239 only)",1,0.279742,"Merchant Wholesalers, Durable Goods (4232, 4233, 4235, 4236, 4237, and 4239 only)",felten_language_modeling_aiie,naics4,Language_Modeling_AIOE_and_AIIE.xlsx,LM AIIE,0.2754391159796193,0.6260162601626016
4231,423100,Motor Vehicle and Motor Vehicle Parts and Supplies Merchant Wholesalers,1,-0.1336922,Motor vehicle and motor vehicle parts and supplies merchant wholesalers,felten_language_modeling_aiie,naics4,Language_Modeling_AIOE_and_AIIE.xlsx,LM AIIE,-0.13654537653502297,0.491869918699187
4234,423400,Professional and Commercial Equipment and Supplies Merchant Wholesalers,1,1.011622,Professional and commercial equipment and supplies merchant wholesalers,felten_language_modeling_aiie,naics4,Language_Modeling_AIOE_and_AIIE.xlsx,LM AIIE,1.0047527779398935,0.8170731707317073
4238,423800,"Machinery, Equipment, and Supplies Merchant Wholesalers",1,0.2634982,"Machinery, equipment, and supplies merchant wholesalers",felten_language_modeling_aiie,naics4,Language_Modeling_AIOE_and_AIIE.xlsx,LM AIIE,0.2592522748825128,0.6138211382113821
4240,4240A2 | 4240A1 | 4240A3,"Merchant Wholesalers, Nondurable Goods (4242 and 4246 only) | Merchant Wholesalers, Nondurable Goods (4244 and 4248 only) | Merchant Wholesalers, Nondurable Goods (4241, 4247, and 4249 only)",3,0.1395530333333333,"Merchant Wholesalers, Nondurable Goods (4242 and 4246 only) | Merchant Wholesalers, Nondurable Goods (4244 and 4248 only) | Merchant Wholesalers, Nondurable Goods (4241, 4247, and 4249 only)",felten_language_modeling_aiie,naics4,Language_Modeling_AIOE_and_AIIE.xlsx,LM AIIE,0.13574172208158478,0.5853658536585366
4243,424300,"Apparel, Piece Goods, and Notions Merchant Wholesalers",1,0.7209005,"Apparel, piece goods, and notions merchant wholesalers",felten_language_modeling_aiie,naics4,Language_Modeling_AIOE_and_AIIE.xlsx,LM AIIE,0.7150506932052596,0.7560975609756098
4245,424500,Farm Product Raw Material Merchant Wholesalers,1,-0.6865089,Farm product raw material merchant wholesalers,felten_language_modeling_aiie,naics4,Language_Modeling_AIOE_and_AIIE.xlsx,LM AIIE,-0.687423624157303,0.3252032520325203
4251,425100,Wholesale Electronic Markets and Agents and Brokers,1,1.062347,Wholesale Electronic Markets and Agents and Brokers,felten_language_modeling_aiie,naics4,Language_Modeling_AIOE_and_AIIE.xlsx,LM AIIE,1.05529991067058,0.8373983739837398
4411,441100,Automobile Dealers,1,-0.0857672,Automobile dealers,felten_language_modeling_aiie,naics4,Language_Modeling_AIOE_and_AIIE.xlsx,LM AIIE,-0.08878842560120029,0.508130081300813
4412,441200,Other Motor Vehicle Dealers,1,-0.0086145,Other motor vehicle dealers,felten_language_modeling_aiie,naics4,Language_Modeling_AIOE_and_AIIE.xlsx,LM AIIE,-0.011906261630163456,0.5447154471544715
4413,441300,"Automotive Parts, Accessories, and Tire Stores",1,-0.5935317,"Automotive parts, accessories, and tire retailers",felten_language_modeling_aiie,naics4,Language_Modeling_AIOE_and_AIIE.xlsx,LM AIIE,-0.59477244881324,0.34959349593495936
4421,442100,Furniture Stores,1,0.1916725,Furniture Stores,felten_language_modeling_aiie,naics4,Language_Modeling_AIOE_and_AIIE.xlsx,LM AIIE,0.18767843178000956,0.6016260162601627
4422,442200,Home Furnishings Stores,1,0.295247,Home Furnishings Stores,felten_language_modeling_aiie,naics4,Language_Modeling_AIOE_and_AIIE.xlsx,LM AIIE,0.29088974767975323,0.6341463414634146
4431,443100,Electronics and Appliance Stores,1,0.5540931,Electronics and Appliance Stores,felten_language_modeling_aiie,naics4,Language_Modeling_AIOE_and_AIIE.xlsx,LM AIIE,0.5488282035401885,0.7073170731707317
4441,444100,Building Material and Supplies Dealers,1,0.3544964,Building material and supplies dealers,felten_language_modeling_aiie,naics4,Language_Modeling_AIOE_and_AIIE.xlsx,LM AIIE,0.3499313895922923,0.6422764227642277
4442,444200,Lawn and Garden Equipment and Supplies Stores,1,-0.2473165,Lawn and garden equipment and supplies retailers,felten_language_modeling_aiie,naics4,Language_Modeling_AIOE_and_AIIE.xlsx,LM AIIE,-0.2497712527998106,0.45121951219512196
4450,4450A1,Food and Beverage Stores (4451 and 4452 only),1,-0.187831,Food and Beverage Stores (4451 and 4452 only),felten_language_modeling_aiie,naics4,Language_Modeling_AIOE_and_AIIE.xlsx,LM AIIE,-0.19049433877218602,0.47560975609756095
4453,445300,"Beer, Wine, and Liquor Stores",1,0.2288,"Beer, wine, and liquor retailers",felten_language_modeling_aiie,naics4,Language_Modeling_AIOE_and_AIIE.xlsx,LM AIIE,0.22467574415967576,0.6097560975609756
4461,446100,Health and Personal Care Stores,1,0.4043418,Health and Personal Care Stores,felten_language_modeling_aiie,naics4,Language_Modeling_AIOE_and_AIIE.xlsx,LM AIIE,0.399602006641364,0.6463414634146342
4471,447100,Gasoline Stations,1,-0.1060679,Gasoline Stations,felten_language_modeling_aiie,naics4,Language_Modeling_AIOE_and_AIIE.xlsx,LM AIIE,-0.10901794117391295,0.4959349593495935
4481,448100,Clothing Stores,1,0.5698005,Clothing Stores,felten_language_modeling_aiie,naics4,Language_Modeling_AIOE_and_AIIE.xlsx,LM AIIE,0.5644805255244958,0.7113821138211383
4482,448200,Shoe Stores,1,0.6448641,Shoe Stores,felten_language_modeling_aiie,naics4,Language_Modeling_AIOE_and_AIIE.xlsx,LM AIIE,0.6392809149270224,0.7276422764227642
4483,448300,"Jewelry, Luggage, and Leather Goods Stores",1,0.5883098,"Jewelry, Luggage, and Leather Goods Stores",felten_language_modeling_aiie,naics4,Language_Modeling_AIOE_and_AIIE.xlsx,LM AIIE,0.5829249226433149,0.7195121951219512
4511,451100,"Sporting Goods, Hobby, and Musical Instrument Stores",1,0.513244,"Sporting Goods, Hobby, and Musical Instrument Stores",felten_language_modeling_aiie,naics4,Language_Modeling_AIOE_and_AIIE.xlsx,LM AIIE,0.5081223409550907,0.6951219512195121
4512,451200,Book Stores and News Dealers,1,0.5822943,Book Stores and News Dealers,felten_language_modeling_aiie,naics4,Language_Modeling_AIOE_and_AIIE.xlsx,LM AIIE,0.5769305160008024,0.7154471544715447
4520,452000,General Merchandise Stores,1,0.270093,General Merchandise Stores,felten_language_modeling_aiie,naics4,Language_Modeling_AIOE_and_AIIE.xlsx,LM AIIE,0.26582395020892646,0.6178861788617886
4530,4530A1,Miscellaneous Store Retailers (4532 and 4533 only),1,0.4578613,Miscellaneous Store Retailers (4532 and 4533 only),felten_language_modeling_aiie,naics4,Language_Modeling_AIOE_and_AIIE.xlsx,LM AIIE,0.4529338404546708,0.6707317073170732
4531,453100,Florists,1,-0.2594246,Florists,felten_language_modeling_aiie,naics4,Language_Modeling_AIOE_and_AIIE.xlsx,LM AIIE,-0.2618368957335992,0.44715447154471544
4539,453900,Other Miscellaneous Store Retailers,1,0.2850367,Other Miscellaneous Store Retailers,felten_language_modeling_aiie,naics4,Language_Modeling_AIOE_and_AIIE.xlsx,LM AIIE,0.2807152501081391,0.6300813008130082
4541,454100,Electronic Shopping and Mail-Order Houses,1,0.6620128,Electronic Shopping and Mail-Order Houses,felten_language_modeling_aiie,naics4,Language_Modeling_AIOE_and_AIIE.xlsx,LM AIIE,0.6563694829912654,0.7398373983739838
4542,454200,Vending Machine Operators,1,-0.6922235,Vending Machine Operators,felten_language_modeling_aiie,naics4,Language_Modeling_AIOE_and_AIIE.xlsx,LM AIIE,-0.6931181859060025,0.32113821138211385
4543,454300,Direct Selling Establishments,1,-0.0607612,Direct Selling Establishments,felten_language_modeling_aiie,naics4,Language_Modeling_AIOE_and_AIIE.xlsx,LM AIIE,-0.0638701091682077,0.524390243902439
4811,481100,Scheduled Air Transportation,1,-0.3840335,Scheduled air transportation,felten_language_modeling_aiie,naics4,Language_Modeling_AIOE_and_AIIE.xlsx,LM AIIE,-0.38600885448618383,0.4024390243902439
4812,481200,Nonscheduled Air Transportation,1,-0.2209606,Nonscheduled air transportation,felten_language_modeling_aiie,naics4,Language_Modeling_AIOE_and_AIIE.xlsx,LM AIIE,-0.22350776979267994,0.4634146341463415
4821,482100,Rail Transportation,1,-0.8212433,Rail Transportation,felten_language_modeling_aiie,naics4,Language_Modeling_AIOE_and_AIIE.xlsx,LM AIIE,-0.8216855778327967,0.25203252032520324
4831,483100,"Deep Sea, Coastal, and Great Lakes Water Transportation",1,-0.5228274,"Deep sea, coastal, and great lakes water transportation",felten_language_modeling_aiie,naics4,Language_Modeling_AIOE_and_AIIE.xlsx,LM AIIE,-0.5243160735203808,0.3780487804878049
4832,483200,Inland Water Transportation,1,-1.203537,Inland water transportation,felten_language_modeling_aiie,naics4,Language_Modeling_AIOE_and_AIIE.xlsx,LM AIIE,-1.2026387645455672,0.0975609756097561
4840,484000,Truck Transportation,1,-1.539235,Truck Transportation,felten_language_modeling_aiie,naics4,Language_Modeling_AIOE_and_AIIE.xlsx,LM AIIE,-1.5371596391325761,0.024390243902439025
4851,485100,Urban Transit Systems,1,-0.1658452,Urban transit systems,felten_language_modeling_aiie,naics4,Language_Modeling_AIOE_and_AIIE.xlsx,LM AIIE,-0.1685856320045107,0.483739837398374
4852,485200,Interurban and Rural Bus Transportation,1,0.0313755,Interurban and rural bus transportation,felten_language_modeling_aiie,naics4,Language_Modeling_AIOE_and_AIIE.xlsx,LM AIIE,0.027943513390046637,0.5650406504065041
4853,485300,Taxi and Limousine Service,1,1.266258,Taxi and limousine service,felten_language_modeling_aiie,naics4,Language_Modeling_AIOE_and_AIIE.xlsx,LM AIIE,1.2584958965206943,0.8577235772357723
4854,485400,School and Employee Bus Transportation,1,0.0559563,School and employee bus transportation,felten_language_modeling_aiie,naics4,Language_Modeling_AIOE_and_AIIE.xlsx,LM AIIE,0.05243812078731546,0.5772357723577236
4855,485500,Charter Bus Industry,1,-0.0039399,Charter bus industry,felten_language_modeling_aiie,naics4,Language_Modeling_AIOE_and_AIIE.xlsx,LM AIIE,-0.007248053120299136,0.5487804878048781
4859,485900,Other Transit and Ground Passenger Transportation,1,0.899507,Other transit and ground passenger transportation,felten_language_modeling_aiie,naics4,Language_Modeling_AIOE_and_AIIE.xlsx,LM AIIE,0.8930309093129652,0.7845528455284553
4861,486100,Pipeline Transportation of Crude Oil,1,-0.3534026,Pipeline transportation of crude oil,felten_language_modeling_aiie,naics4,Language_Modeling_AIOE_and_AIIE.xlsx,LM AIIE,-0.35548536177134127,0.42276422764227645
4862,486200,Pipeline Transportation of Natural Gas,1,-0.357459,Pipeline transportation of natural gas,felten_language_modeling_aiie,naics4,Language_Modeling_AIOE_and_AIIE.xlsx,LM AIIE,-0.359527538000198,0.4186991869918699
4869,486900,Other Pipeline Transportation,1,-0.3630448,Other pipeline transportation,felten_language_modeling_aiie,naics4,Language_Modeling_AIOE_and_AIIE.xlsx,LM AIIE,-0.3650937513862417,0.4065040650406504
4871,487100,"Scenic and Sightseeing Transportation, Land",1,0.5075915,"Scenic and sightseeing transportation, land",felten_language_modeling_aiie,naics4,Language_Modeling_AIOE_and_AIIE.xlsx,LM AIIE,0.5024896614526715,0.6910569105691057
4872,487200,"Scenic and Sightseeing Transportation, Water",1,-0.6566207,"Scenic and sightseeing transportation, water",felten_language_modeling_aiie,naics4,Language_Modeling_AIOE_and_AIIE.xlsx,LM AIIE,-0.6576402271640786,0.3333333333333333
4879,487900,"Scenic and Sightseeing Transportation, Other",1,-0.0580567,"Scenic and sightseeing transportation, other",felten_language_modeling_aiie,naics4,Language_Modeling_AIOE_and_AIIE.xlsx,LM AIIE,-0.061175092500486826,0.532520325203252
4881,488100,Support Activities for Air Transportation,1,-0.361676,Support activities for air transportation,felten_language_modeling_aiie,naics4,Language_Modeling_AIOE_and_AIIE.xlsx,LM AIIE,-0.3637297510849748,0.4146341463414634
4882,488200,Support Activities for Rail Transportation,1,-1.530069,Support activities for rail transportation,felten_language_modeling_aiie,naics4,Language_Modeling_AIOE_and_AIIE.xlsx,LM AIIE,-1.5280257797218422,0.028455284552845527
4883,488300,Support Activities for Water Transportation,1,-1.449808,Support activities for water transportation,felten_language_modeling_aiie,naics4,Language_Modeling_AIOE_and_AIIE.xlsx,LM AIIE,-1.448046215008237,0.044715447154471545
4884,488400,Support Activities for Road Transportation,1,-1.170591,Support activities for road transportation,felten_language_modeling_aiie,naics4,Language_Modeling_AIOE_and_AIIE.xlsx,LM AIIE,-1.1698082897314677,0.10569105691056911
4885,488500,Freight Transportation Arrangement,1,0.8797804,Freight transportation arrangement,felten_language_modeling_aiie,naics4,Language_Modeling_AIOE_and_AIIE.xlsx,LM AIIE,0.8733734806579597,0.7804878048780488
4889,488900,Other Support Activities for Transportation,1,-0.9422619,Other support activities for transportation,felten_language_modeling_aiie,naics4,Language_Modeling_AIOE_and_AIIE.xlsx,LM AIIE,-0.9422798259763525,0.1951219512195122
4911,491100,Postal Service (federal government),1,-1.121128,Postal Service (federal government),felten_language_modeling_aiie,naics4,Language_Modeling_AIOE_and_AIIE.xlsx,LM AIIE,-1.1205187317963674,0.13414634146341464
4921,492100,Couriers and Express Delivery Services,1,-1.299443,Couriers and express delivery services,felten_language_modeling_aiie,naics4,Language_Modeling_AIOE_and_AIIE.xlsx,LM AIIE,-1.2982084700491496,0.06910569105691057
4922,492200,Local Messengers and Local Delivery,1,-1.270109,Local messengers and local delivery,felten_language_modeling_aiie,naics4,Language_Modeling_AIOE_and_AIIE.xlsx,LM AIIE,-1.2689773297530047,0.07317073170731707
4931,493100,Warehousing and Storage,1,-1.526172,Warehousing and Storage,felten_language_modeling_aiie,naics4,Language_Modeling_AIOE_and_AIIE.xlsx,LM AIIE,-1.524142444556707,0.032520325203252036
5111,511100,"Newspaper, Periodical, Book, and Directory Publishers",1,1.266109,"Newspaper, Periodical, Book, and Directory Publishers",felten_language_modeling_aiie,naics4,Language_Modeling_AIOE_and_AIIE.xlsx,LM AIIE,1.2583474189893609,0.8536585365853658
5112,511200,Software Publishers,1,1.8772,Software Publishers,felten_language_modeling_aiie,naics4,Language_Modeling_AIOE_and_AIIE.xlsx,LM AIIE,1.867295627713422,0.959349593495935
5121,512100,Motion Picture and Video Industries,1,0.413089,Motion picture and video industries,felten_language_modeling_aiie,naics4,Language_Modeling_AIOE_and_AIIE.xlsx,LM AIIE,0.40831853457476697,0.6544715447154471
5122,512200,Sound Recording Industries,1,1.312842,Sound recording industries,felten_language_modeling_aiie,naics4,Language_Modeling_AIOE_and_AIIE.xlsx,LM AIIE,1.3049165496725188,0.8739837398373984
5151,515100,Radio and Television Broadcasting,1,1.330504,Radio and Television Broadcasting,felten_language_modeling_aiie,naics4,Language_Modeling_AIOE_and_AIIE.xlsx,LM AIIE,1.3225166178497367,0.8780487804878049
5152,515200,Cable and Other Subscription Programming,1,1.007248,Cable and Other Subscription Programming,felten_language_modeling_aiie,naics4,Language_Modeling_AIOE_and_AIIE.xlsx,LM AIIE,1.0003941153757923,0.8130081300813008
5170,517000,Telecommunications,1,0.1724486,Telecommunications,felten_language_modeling_aiie,naics4,Language_Modeling_AIOE_and_AIIE.xlsx,LM AIIE,0.16852194040689086,0.5975609756097561
5182,518200,"Data Processing, Hosting, and Related Services",1,1.654264,"Data Processing, Hosting, and Related Services",felten_language_modeling_aiie,naics4,Language_Modeling_AIOE_and_AIIE.xlsx,LM AIIE,1.6451413530471166,0.9105691056910569
5191,519100,Other Information Services,1,1.719596,Other Information Services,felten_language_modeling_aiie,naics4,Language_Modeling_AIOE_and_AIIE.xlsx,LM AIIE,1.710244266315943,0.9227642276422764
5211,521100,Monetary Authorities-Central Bank,1,1.643377,Monetary Authorities-Central Bank,felten_language_modeling_aiie,naics4,Language_Modeling_AIOE_and_AIIE.xlsx,LM AIIE,1.6342925283248104,0.9065040650406504
5220,5220A1,Credit Intermediation and Related Activities (5221 And 5223 only),1,1.801161,Credit Intermediation and Related Activities (5221 And 5223 only),felten_language_modeling_aiie,naics4,Language_Modeling_AIOE_and_AIIE.xlsx,LM AIIE,1.791523258552088,0.9471544715447154
5222,522200,Nondepository Credit Intermediation,1,2.051283,Nondepository credit intermediation,felten_language_modeling_aiie,naics4,Language_Modeling_AIOE_and_AIIE.xlsx,LM AIIE,2.0407682054789444,0.983739837398374
5230,523000,"Securities, Commodity Contracts, and Other Financial Investments and Related Activities",1,2.10484,"Securities, Commodity Contracts, and Other Financial Investments and Related Activities",felten_language_modeling_aiie,naics4,Language_Modeling_AIOE_and_AIIE.xlsx,LM AIIE,2.0941374077984585,0.9959349593495935
5241,524100,Insurance Carriers,1,1.976356,Insurance carriers,felten_language_modeling_aiie,naics4,Language_Modeling_AIOE_and_AIIE.xlsx,LM AIIE,1.9661039370883646,0.975609756097561
5242,524200,"Agencies, Brokerages, and Other Insurance Related Activities",1,2.087049,"Agencies, brokerages, and other insurance related activities",felten_language_modeling_aiie,naics4,Language_Modeling_AIOE_and_AIIE.xlsx,LM AIIE,2.076408791959885,0.991869918699187
5251,525100,Insurance and Employee Benefit Funds,1,2.052607,Insurance and employee benefit funds,felten_language_modeling_aiie,naics4,Language_Modeling_AIOE_and_AIIE.xlsx,LM AIIE,2.0420875628714614,0.9878048780487805
5259,525900,Other Investment Pools and Funds,1,1.962175,Other investment pools and funds,felten_language_modeling_aiie,naics4,Language_Modeling_AIOE_and_AIIE.xlsx,LM AIIE,1.9519726627807479,0.9715447154471545
5310,531000,Real Estate,1,0.4941004,Real Estate,felten_language_modeling_aiie,naics4,Language_Modeling_AIOE_and_AIIE.xlsx,LM AIIE,0.48904586800993194,0.6869918699186992
5320,5320A1,"Rental and Leasing Services (5322, 5323, and 5324 only)",1,-0.2708665,"Rental and Leasing Services (5322, 5323, and 5324 only)",felten_language_modeling_aiie,naics4,Language_Modeling_AIOE_and_AIIE.xlsx,LM AIIE,-0.273238674698434,0.43902439024390244
5321,532100,Automotive Equipment Rental and Leasing,1,-0.0950282,Automotive equipment rental and leasing,felten_language_modeling_aiie,naics4,Language_Modeling_AIOE_and_AIIE.xlsx,LM AIIE,-0.09801695189432771,0.5040650406504065
5331,533100,Lessors of Nonfinancial Intangible Assets (except Copyrighted Works),1,1.870846,Lessors of Nonfinancial Intangible Assets (except Copyrighted Works),felten_language_modeling_aiie,naics4,Language_Modeling_AIOE_and_AIIE.xlsx,LM AIIE,1.8609639080215388,0.9552845528455285
5411,541100,Legal Services,1,2.19893,Legal services,felten_language_modeling_aiie,naics4,Language_Modeling_AIOE_and_AIIE.xlsx,LM AIIE,2.187897481108075,1.0
5412,541200,"Accounting, Tax Preparation, Bookkeeping, and Payroll Services",1,1.907619,"Accounting, tax preparation, bookkeeping, and payroll services",felten_language_modeling_aiie,naics4,Language_Modeling_AIOE_and_AIIE.xlsx,LM AIIE,1.897607963455852,0.967479674796748
5413,541300,"Architectural, Engineering, and Related Services",1,1.066006,"Architectural, engineering, and related services",felten_language_modeling_aiie,naics4,Language_Modeling_AIOE_and_AIIE.xlsx,LM AIIE,1.0589460803829818,0.8414634146341463
5414,541400,Specialized Design Services,1,0.9959185,Specialized design services,felten_language_modeling_aiie,naics4,Language_Modeling_AIOE_and_AIIE.xlsx,LM AIIE,0.9891043422802318,0.8048780487804879
5415,541500,Computer Systems Design and Related Services,1,1.750889,Computer systems design and related services,felten_language_modeling_aiie,naics4,Language_Modeling_AIOE_and_AIIE.xlsx,LM AIIE,1.7414275373763939,0.9308943089430894
5416,541600,"Management, Scientific, and Technical Consulting Services",1,1.722495,"Management, scientific, and technical consulting services",felten_language_modeling_aiie,naics4,Language_Modeling_AIOE_and_AIIE.xlsx,LM AIIE,1.7131331009691961,0.926829268292683
5417,541700,Scientific Research and Development Services,1,1.405602,Scientific research and development services,felten_language_modeling_aiie,naics4,Language_Modeling_AIOE_and_AIIE.xlsx,LM AIIE,1.397351286628625,0.8902439024390244
5418,541800,"Advertising, Public Relations, and Related Services",1,1.281933,"Advertising, public relations, and related services",felten_language_modeling_aiie,naics4,Language_Modeling_AIOE_and_AIIE.xlsx,LM AIIE,1.2741159321156377,0.8617886178861789
5419,541900,"Other Professional, Scientific, and Technical Services",1,0.6538497,"Other professional, scientific, and technical services",felten_language_modeling_aiie,naics4,Language_Modeling_AIOE_and_AIIE.xlsx,LM AIIE,0.6482350069105584,0.7317073170731707
5511,551100,Management of Companies and Enterprises,1,1.592071,Management of Companies and Enterprises,felten_language_modeling_aiie,naics4,Language_Modeling_AIOE_and_AIIE.xlsx,LM AIIE,1.5831664328712745,0.8983739837398373
5611,561100,Office Administrative Services,1,1.673938,Office administrative services,felten_language_modeling_aiie,naics4,Language_Modeling_AIOE_and_AIIE.xlsx,LM AIIE,1.6647463661440811,0.9146341463414634
5612,561200,Facilities Support Services,1,-0.7835189,Facilities support services,felten_language_modeling_aiie,naics4,Language_Modeling_AIOE_and_AIIE.xlsx,LM AIIE,-0.7840934584836491,0.2804878048780488
5613,561300,Employment Services,1,-0.5981276,Employment services,felten_language_modeling_aiie,naics4,Language_Modeling_AIOE_and_AIIE.xlsx,LM AIIE,-0.5993522332847424,0.34552845528455284
5614,561400,Business Support Services,1,1.88074,Business support services,felten_language_modeling_aiie,naics4,Language_Modeling_AIOE_and_AIIE.xlsx,LM AIIE,1.8708232146994572,0.9634146341463414
5615,561500,Travel Arrangement and Reservation Services,1,1.778761,Travel arrangement and reservation services,felten_language_modeling_aiie,naics4,Language_Modeling_AIOE_and_AIIE.xlsx,LM AIIE,1.7692018041771767,0.9390243902439024
5616,561600,Investigation and Security Services,1,-0.4163583,Investigation and security services,felten_language_modeling_aiie,naics4,Language_Modeling_AIOE_and_AIIE.xlsx,LM AIIE,-0.41822030753877915,0.3943089430894309
5617,561700,Services to Buildings and Dwellings,1,-1.612025,Services to buildings and dwellings,felten_language_modeling_aiie,naics4,Language_Modeling_AIOE_and_AIIE.xlsx,LM AIIE,-1.6096944009160494,0.02032520325203252
5619,561900,Other Support Services,1,-0.4006903,Other support services,felten_language_modeling_aiie,naics4,Language_Modeling_AIOE_and_AIIE.xlsx,LM AIIE,-0.4026072473983277,0.3983739837398374
5621,562100,Waste Collection,1,-1.430758,Waste collection,felten_language_modeling_aiie,naics4,Language_Modeling_AIOE_and_AIIE.xlsx,LM AIIE,-1.4290630138545735,0.052845528455284556
5622,562200,Waste Treatment and Disposal,1,-0.9307135,Waste treatment and disposal,felten_language_modeling_aiie,naics4,Language_Modeling_AIOE_and_AIIE.xlsx,LM AIIE,-0.930771920453887,0.1991869918699187
5629,562900,Remediation and Other Waste Management Services,1,-0.8477126,Remediation and other waste management services,felten_language_modeling_aiie,naics4,Language_Modeling_AIOE_and_AIIE.xlsx,LM AIIE,-0.8480620632027004,0.24390243902439024
6111,611100,Elementary and Secondary Schools,1,1.44894,Elementary and Secondary Schools,felten_language_modeling_aiie,naics4,Language_Modeling_AIOE_and_AIIE.xlsx,LM AIIE,1.440537321883085,0.8943089430894309
6112,611200,Junior Colleges,1,1.759217,Junior Colleges,felten_language_modeling_aiie,naics4,Language_Modeling_AIOE_and_AIIE.xlsx,LM AIIE,1.7497263352350665,0.9349593495934959
6113,611300,"Colleges, Universities, and Professional Schools",1,1.625725,"Colleges, Universities, and Professional Schools",felten_language_modeling_aiie,naics4,Language_Modeling_AIOE_and_AIIE.xlsx,LM AIIE,1.6167024250825812,0.9024390243902439
6114,611400,Business Schools and Computer and Management Training,1,1.816898,Business Schools and Computer and Management Training,felten_language_modeling_aiie,naics4,Language_Modeling_AIOE_and_AIIE.xlsx,LM AIIE,1.807205076743962,0.9512195121951219
6115,611500,Technical and Trade Schools,1,1.095225,Technical and Trade Schools,felten_language_modeling_aiie,naics4,Language_Modeling_AIOE_and_AIIE.xlsx,LM AIIE,1.0880626239267557,0.8455284552845529
6116,611600,Other Schools and Instruction,1,1.037076,Other Schools and Instruction,felten_language_modeling_aiie,naics4,Language_Modeling_AIOE_and_AIIE.xlsx,LM AIIE,1.0301175234603843,0.8292682926829268
6117,611700,Educational Support Services,1,1.702967,Educational Support Services,felten_language_modeling_aiie,naics4,Language_Modeling_AIOE_and_AIIE.xlsx,LM AIIE,1.6936735759230679,0.9186991869918699
6211,621100,Offices of Physicians,1,1.040829,Offices of physicians,felten_language_modeling_aiie,naics4,Language_Modeling_AIOE_and_AIIE.xlsx,LM AIIE,1.0338573635616808,0.8333333333333334
6212,621200,Offices of Dentists,1,0.4777574,Offices of dentists,felten_language_modeling_aiie,naics4,Language_Modeling_AIOE_and_AIIE.xlsx,LM AIIE,0.4727601747577366,0.6788617886178862
6213,621300,Offices of Other Health Practitioners,1,0.8734526,Offices of other health practitioners,felten_language_modeling_aiie,naics4,Language_Modeling_AIOE_and_AIIE.xlsx,LM AIIE,0.8670678690957471,0.7723577235772358
6214,621400,Outpatient Care Centers,1,1.029444,Outpatient care centers,felten_language_modeling_aiie,naics4,Language_Modeling_AIOE_and_AIIE.xlsx,LM AIIE,1.0225122850769324,0.8211382113821138
6215,621500,Medical and Diagnostic Laboratories,1,0.6569087,Medical and diagnostic laboratories,felten_language_modeling_aiie,naics4,Language_Modeling_AIOE_and_AIIE.xlsx,LM AIIE,0.6512832805236322,0.7357723577235772
6216,621600,Home Health Care Services,1,0.8117862,Home healthcare services,felten_language_modeling_aiie,naics4,Language_Modeling_AIOE_and_AIIE.xlsx,LM AIIE,0.8056177023964151,0.7682926829268293
6219,621900,Other Ambulatory Health Care Services,1,0.7634743,Other ambulatory healthcare services,felten_language_modeling_aiie,naics4,Language_Modeling_AIOE_and_AIIE.xlsx,LM AIIE,0.7574752081278758,0.7601626016260162
6221,622100,General Medical and Surgical Hospitals,1,0.598083,General Medical and Surgical Hospitals,felten_language_modeling_aiie,naics4,Language_Modeling_AIOE_and_AIIE.xlsx,LM AIIE,0.5926638529065686,0.7235772357723578
6222,622200,Psychiatric and Substance Abuse Hospitals,1,0.6696325,Psychiatric and Substance Abuse Hospitals,felten_language_modeling_aiie,naics4,Language_Modeling_AIOE_and_AIIE.xlsx,LM AIIE,0.6639624645046811,0.7439024390243902
6223,622300,Specialty (except Psychiatric and Substance Abuse) Hospitals,1,0.6808028,Specialty (except Psychiatric and Substance Abuse) Hospitals,felten_language_modeling_aiie,naics4,Language_Modeling_AIOE_and_AIIE.xlsx,LM AIIE,0.6750935958352201,0.7520325203252033
6231,623100,Nursing Care Facilities (Skilled Nursing Facilities),1,0.0127003,Nursing care facilities (skilled nursing facilities),felten_language_modeling_aiie,naics4,Language_Modeling_AIOE_and_AIIE.xlsx,LM AIIE,0.00933379799976338,0.5528455284552846
6232,623200,"Residential Intellectual and Developmental Disability, Mental Health, and Substance Abuse Facilities",1,1.030857,"Residential intellectual and developmental disability, mental health, and substance abuse facilities",felten_language_modeling_aiie,naics4,Language_Modeling_AIOE_and_AIIE.xlsx,LM AIIE,1.0239203303908497,0.8252032520325203
6233,623300,Continuing Care Retirement Communities and Assisted Living Facilities for the Elderly,1,-0.196189,Continuing care retirement communities and assisted living facilities for the elderly,felten_language_modeling_aiie,naics4,Language_Modeling_AIOE_and_AIIE.xlsx,LM AIIE,-0.19882303143582483,0.4715447154471545
6239,623900,Other Residential Care Facilities,1,0.9229316,Other residential care facilities,felten_language_modeling_aiie,naics4,Language_Modeling_AIOE_and_AIIE.xlsx,LM AIIE,0.9163733709268291,0.7886178861788617
6241,624100,Individual and Family Services,1,1.303176,Individual and family services,felten_language_modeling_aiie,naics4,Language_Modeling_AIOE_and_AIIE.xlsx,LM AIIE,1.2952844435123447,0.8699186991869918
6242,624200,"Community Food and Housing, and Emergency and Other Relief Services",1,0.9630393,"Community food and housing, and emergency and other relief services",felten_language_modeling_aiie,naics4,Language_Modeling_AIOE_and_AIIE.xlsx,LM AIIE,0.9563404332318575,0.7967479674796748
6243,624300,Vocational Rehabilitation Services,1,0.522513,Vocational rehabilitation services,felten_language_modeling_aiie,naics4,Language_Modeling_AIOE_and_AIIE.xlsx,LM AIIE,0.5173588391962091,0.7032520325203252
6244,624400,Child Day Care Services,1,0.4045842,Child daycare services,felten_language_modeling_aiie,naics4,Language_Modeling_AIOE_and_AIIE.xlsx,LM AIIE,0.3998435566654926,0.6504065040650406
7111,711100,Performing Arts Companies,1,0.4520053,Performing arts companies,felten_language_modeling_aiie,naics4,Language_Modeling_AIOE_and_AIIE.xlsx,LM AIIE,0.44709837452522966,0.6666666666666666
7112,711200,Spectator Sports,1,-0.0540171,Spectator sports,felten_language_modeling_aiie,naics4,Language_Modeling_AIOE_and_AIIE.xlsx,LM AIIE,-0.05714965736241129,0.5365853658536586
7113,711300,"Promoters of Performing Arts, Sports, and Similar Events",1,-0.0417869,"Promoters of performing arts, sports, and similar events",felten_language_modeling_aiie,naics4,Language_Modeling_AIOE_and_AIIE.xlsx,LM AIIE,-0.044962342572409456,0.540650406504065
7114,711400,"Agents and Managers for Artists, Athletes, Entertainers, and Other Public Figures",1,2.017241,"Agents and managers for artists, athletes, entertainers, and other public figures",felten_language_modeling_aiie,naics4,Language_Modeling_AIOE_and_AIIE.xlsx,LM AIIE,2.006845573790072,0.9796747967479674
7115,711500,"Independent Artists, Writers, and Performers",1,0.6763131,"Independent artists, writers, and performers",felten_language_modeling_aiie,naics4,Language_Modeling_AIOE_and_AIIE.xlsx,LM AIIE,0.6706196389732987,0.7479674796747967
7121,712100,"Museums, Historical Sites, and Similar Institutions",1,0.519238,"Museums, Historical Sites, and Similar Institutions",felten_language_modeling_aiie,naics4,Language_Modeling_AIOE_and_AIIE.xlsx,LM AIIE,0.5140953229873771,0.6991869918699187
7131,713100,Amusement Parks and Arcades,1,-0.2294791,Amusement parks and arcades,felten_language_modeling_aiie,naics4,Language_Modeling_AIOE_and_AIIE.xlsx,LM AIIE,-0.23199639966288899,0.45528455284552843
7132,713200,Gambling Industries,1,-0.0685389,Gambling industries (except casino hotels),felten_language_modeling_aiie,naics4,Language_Modeling_AIOE_and_AIIE.xlsx,LM AIIE,-0.07162053665444647,0.5203252032520326
7139,713900,Other Amusement and Recreation Industries,1,-0.5725563,Other amusement and recreation industries,felten_language_modeling_aiie,naics4,Language_Modeling_AIOE_and_AIIE.xlsx,LM AIIE,-0.573870599076833,0.3617886178861789
7211,721100,Traveler Accommodation,1,-0.5285271,Traveler accommodation,felten_language_modeling_aiie,naics4,Language_Modeling_AIOE_and_AIIE.xlsx,LM AIIE,-0.529995787515947,0.3699186991869919
7212,721200,RV (Recreational Vehicle) Parks and Recreational Camps,1,-0.2026199,RV (recreational vehicle) parks and recreational camps,felten_language_modeling_aiie,naics4,Language_Modeling_AIOE_and_AIIE.xlsx,LM AIIE,-0.20523138147777203,0.46747967479674796
7213,721300,Rooming and Boarding Houses,1,-0.6265475,"Rooming and boarding houses, dormitories, and workers' camps",felten_language_modeling_aiie,naics4,Language_Modeling_AIOE_and_AIIE.xlsx,LM AIIE,-0.6276724788735615,0.34146341463414637
7223,722300,Special Food Services,1,-0.729668,Special food services,felten_language_modeling_aiie,naics4,Language_Modeling_AIOE_and_AIIE.xlsx,LM AIIE,-0.7304313867248136,0.3089430894308943
7224,722400,Drinking Places (Alcoholic Beverages),1,-0.651397,Drinking places (alcoholic beverages),felten_language_modeling_aiie,naics4,Language_Modeling_AIOE_and_AIIE.xlsx,LM AIIE,-0.6524348440739792,0.33739837398373984
7225,722500,Restaurants and Other Eating Places,1,-0.772517,Restaurants and Other Eating Places,felten_language_modeling_aiie,naics4,Language_Modeling_AIOE_and_AIIE.xlsx,LM AIIE,-0.7731301366583215,0.2845528455284553
8111,811100,Automotive Repair and Maintenance,1,-1.114094,Automotive repair and maintenance,felten_language_modeling_aiie,naics4,Language_Modeling_AIOE_and_AIIE.xlsx,LM AIIE,-1.1135093965252458,0.14634146341463414
8112,811200,Electronic and Precision Equipment Repair and Maintenance,1,-0.0773292,Electronic and precision equipment repair and maintenance,felten_language_modeling_aiie,naics4,Language_Modeling_AIOE_and_AIIE.xlsx,LM AIIE,-0.08038001345765108,0.5121951219512195
8113,811300,Commercial and Industrial Machinery and Equipment (except Automotive and Electronic) Repair and Maintenance,1,-0.879418,Commercial and industrial machinery and equipment (except automotive and electronic) repair and maintenance,felten_language_modeling_aiie,naics4,Language_Modeling_AIOE_and_AIIE.xlsx,LM AIIE,-0.8796562881820895,0.22764227642276422
8114,811400,Personal and Household Goods Repair and Maintenance,1,-0.8000787,Personal and household goods repair and maintenance,felten_language_modeling_aiie,naics4,Language_Modeling_AIOE_and_AIIE.xlsx,LM AIIE,-0.8005951915264017,0.2601626016260163
8121,812100,Personal Care Services,1,-0.3100892,Personal care services,felten_language_modeling_aiie,naics4,Language_Modeling_AIOE_and_AIIE.xlsx,LM AIIE,-0.3123238402569535,0.43089430894308944
8122,812200,Death Care Services,1,-0.0593705,Death care services,felten_language_modeling_aiie,naics4,Language_Modeling_AIOE_and_AIIE.xlsx,LM AIIE,-0.06248428565931533,0.5284552845528455
8123,812300,Drycleaning and Laundry Services,1,-0.9959455,Drycleaning and laundry services,felten_language_modeling_aiie,naics4,Language_Modeling_AIOE_and_AIIE.xlsx,LM AIIE,-0.9957751843728254,0.18699186991869918
8129,812900,Other Personal Services,1,-0.5891773,Other personal services,felten_language_modeling_aiie,naics4,Language_Modeling_AIOE_and_AIIE.xlsx,LM AIIE,-0.590433317521717,0.35772357723577236
8131,813100,Religious Organizations,1,1.155523,Religious Organizations,felten_language_modeling_aiie,naics4,Language_Modeling_AIOE_and_AIIE.xlsx,LM AIIE,1.1481491889222204,0.8495934959349594
8132,813200,Grantmaking and Giving Services,1,1.779492,Grantmaking and giving services,felten_language_modeling_aiie,naics4,Language_Modeling_AIOE_and_AIIE.xlsx,LM AIIE,1.7699302409248578,0.943089430894309
8133,813300,Social Advocacy Organizations,1,1.302326,Social advocacy organizations,felten_language_modeling_aiie,naics4,Language_Modeling_AIOE_and_AIIE.xlsx,LM AIIE,1.294437424038297,0.8658536585365854
8134,813400,Civic and Social Organizations,1,0.0471964,Civic and social organizations,felten_language_modeling_aiie,naics4,Language_Modeling_AIOE_and_AIIE.xlsx,LM AIIE,0.04370893738647679,0.5691056910569106
8139,813900,"Business, Professional, Labor, Political, and Similar Organizations",1,1.402145,"Business, professional, labor, political, and similar organizations",felten_language_modeling_aiie,naics4,Language_Modeling_AIOE_and_AIIE.xlsx,LM AIIE,1.3939064086029969,0.8861788617886179
9991,999100,Federal Executive Branch (OES Designation),1,0.9446542,"Federal government, excluding postal service",felten_language_modeling_aiie,naics4,Language_Modeling_AIOE_and_AIIE.xlsx,LM AIIE,0.9380198006055992,0.7926829268292683
9992,999200,"State Government, excluding schools and hospitals (OES Designation)",1,0.7959982,"State government, excluding education and hospitals",felten_language_modeling_aiie,naics4,Language_Modeling_AIOE_and_AIIE.xlsx,LM AIIE,0.7898850630360981,0.7642276422764228
9993,999300,"Local Government, excluding schools and hospitals (OES Designation)",1,0.0238635,"Local government, excluding education and hospitals",felten_language_modeling_aiie,naics4,Language_Modeling_AIOE_and_AIIE.xlsx,LM AIIE,0.02045785422646029,0.5609756097560976
