comparison_key,raw_code_examples,raw_title_examples,source_row_count,metric_value,genaiexp_estz_total,genaiexp_estz_core,genaiexp_estz_supplemental,comparison_title,metric_name,comparison_level,source_file,sheet_name,metric_zscore,metric_percentile
accountants-and-auditors,13-2011,13-2011,1,0.5,0.5,0.43333334,0.06666667,Accountants and auditors,eisfeldt_genaiexp_total,slug,genaiexp_estz_occscores.csv,,1.1116265646795211,0.8556231003039514
actors,27-2011,27-2011,1,0.052631579,0.052631579,0.0,0.052631579,Actors,eisfeldt_genaiexp_total,slug,genaiexp_estz_occscores.csv,,-1.0559708793971339,0.1641337386018237
actuaries,15-2011,15-2011,1,0.43333334,0.43333334,0.30000001,0.13333334,Actuaries,eisfeldt_genaiexp_total,slug,genaiexp_estz_occscores.csv,,0.7886120758648818,0.7659574468085106
administrative-services-managers,11-3011,11-3011,1,0.42058489,0.42058489,0.42058489,0.0,Administrative services and facilities managers,eisfeldt_genaiexp_total,slug,genaiexp_estz_occscores.csv,,0.7268430587890452,0.729483282674772
adult-literacy-and-ged-teachers,25-3011,25-3011,1,0.43589744,0.43589744,0.30769232,0.12820514,Adult basic and secondary education and ESL teachers,eisfeldt_genaiexp_total,slug,genaiexp_estz_occscores.csv,,0.8010356988687884,0.7750759878419453
advertising-promotions-and-marketing-managers,11-2011 | 11-2021,11-2011 | 11-2021,2,0.40833333,0.40833333,0.30000001,0.10833334,"Advertising, promotions, and marketing managers",eisfeldt_genaiexp_total,slug,genaiexp_estz_occscores.csv,,0.6674815819941693,0.7051671732522796
advertising-sales-agents,41-3011,41-3011,1,0.60000002,0.60000002,0.55000001,0.050000001,Advertising sales agents,eisfeldt_genaiexp_total,slug,genaiexp_estz_occscores.csv,,1.5961484432580144,0.939209726443769
aerospace-engineering-and-operations-technicians,17-3021,17-3021,1,0.20833333,0.20833333,0.16666667,0.041666668,Aerospace engineering and operations technologists and technicians,eisfeldt_genaiexp_total,slug,genaiexp_estz_occscores.csv,,-0.30156198135410506,0.46504559270516715
aerospace-engineers,17-2011,17-2011,1,0.3611111,0.3611111,0.27777779,0.083333336,Aerospace engineers,eisfeldt_genaiexp_total,slug,genaiexp_estz_occscores.csv,,0.43867959185191047,0.6413373860182371
agricultural-and-food-science-technicians,19-4011,19-4011,1,0.32454684,0.32454684,0.28939933,0.035147507,Agricultural and food science technicians,eisfeldt_genaiexp_total,slug,genaiexp_estz_occscores.csv,,0.2615177878439465,0.5805471124620061
agricultural-and-food-scientists,19-1011 | 19-1012 | 19-1013,19-1011 | 19-1012 | 19-1013,3,0.4131054199999999,0.41310541999999995,0.35754986333333333,0.05555555533333333,Agricultural and food scientists,eisfeldt_genaiexp_total,slug,genaiexp_estz_occscores.csv,,0.6906033974852621,0.7142857142857143
agricultural-engineers,17-2021,17-2021,1,0.35714287,0.35714287,0.35714287,0.0,Agricultural engineers,eisfeldt_genaiexp_total,slug,genaiexp_estz_occscores.csv,,0.4194526531549828,0.6231003039513677
agricultural-workers,45-2021 | 45-2091 | 45-2092 | 45-2093,45-2021 | 45-2091 | 45-2092 | 45-2093,4,0.014583334,0.014583334,0.004166667,0.010416667,Agricultural workers,eisfeldt_genaiexp_total,slug,genaiexp_estz_occscores.csv,,-1.2403229139668746,0.06382978723404255
air-traffic-controllers,53-2021,53-2021,1,0.10869565,0.10869565,0.086956523,0.021739131,Air traffic controllers,eisfeldt_genaiexp_total,slug,genaiexp_estz_occscores.csv,,-0.7843282437088805,0.3100303951367781
aircraft-and-avionics-equipment-mechanics-and-technicians,49-2091 | 49-3011,49-2091 | 49-3011,2,0.07692308,0.07692308,0.05769231,0.01923077,Aircraft and avionics equipment mechanics and technicians,eisfeldt_genaiexp_total,slug,genaiexp_estz_occscores.csv,,-0.9382732659565429,0.22796352583586627
airline-and-commercial-pilots,53-2011 | 53-2012,53-2011 | 53-2012,2,0.096153849,0.096153849,0.067307694,0.028846155000000002,Airline and commercial pilots,eisfeldt_genaiexp_total,slug,genaiexp_estz_occscores.csv,,-0.8450960013681053,0.2735562310030395
animal-care-and-service-workers,39-2011 | 39-2021,39-2011 | 39-2021,2,0.049043063,0.049043063,0.049043063,0.0,Animal care and service workers,eisfeldt_genaiexp_total,slug,genaiexp_estz_occscores.csv,,-1.0733580210559954,0.15501519756838905
announcers,27-3011,27-3011,1,0.375,0.375,0.25,0.125,Announcers and DJs,eisfeldt_genaiexp_total,slug,genaiexp_estz_occscores.csv,,0.5059743375868496,0.6610942249240122
anthropologists-and-archeologists,19-3091,19-3091,1,0.40000001,0.40000001,0.40000001,0.0,Anthropologists and archeologists,eisfeldt_genaiexp_total,slug,genaiexp_estz_occscores.csv,,0.6271048314575622,0.6960486322188449
arbitrators-mediators-and-conciliators,23-1022,23-1022,1,0.52499998,0.52499998,0.25,0.27500001,"Arbitrators, mediators, and conciliators",eisfeldt_genaiexp_total,slug,genaiexp_estz_occscores.csv,,1.2327569131936993,0.8829787234042553
architects,17-1011,17-1011,1,0.375,0.375,0.27083334,0.10416666,Architects,eisfeldt_genaiexp_total,slug,genaiexp_estz_occscores.csv,,0.5059743375868496,0.6610942249240122
architectural-and-engineering-managers,11-9041,11-9041,1,0.51190478,0.51190478,0.34711778,0.16478696,Architectural and engineering managers,eisfeldt_genaiexp_total,slug,genaiexp_estz_occscores.csv,,1.1693078168399071,0.8693009118541033
art-directors,27-1011,27-1011,1,0.34375,0.34375,0.21875,0.125,Art directors,eisfeldt_genaiexp_total,slug,genaiexp_estz_occscores.csv,,0.35456128081368177,0.5987841945288754
assemblers-and-fabricators,51-2011 | 51-2021 | 51-2031 | 51-2041 | 51-2091,51-2011 | 51-2021 | 51-2031 | 51-2041 | 51-2091,6,0.0471776601666666,0.04717766016666666,0.03459596083333333,0.012581699666666666,Assemblers and fabricators,eisfeldt_genaiexp_total,slug,genaiexp_estz_occscores.csv,,-1.0823963040994622,0.14285714285714285
athletes-and-sports-competitors,27-2021,27-2021,1,0.0,0.0,0.0,0.0,Athletes and sports competitors,eisfeldt_genaiexp_total,slug,genaiexp_estz_occscores.csv,,-1.310982343691165,0.028875379939209727
athletic-trainers,29-9091,29-9091,1,0.065217391,0.065217391,0.065217391,0.0,Athletic trainers,eisfeldt_genaiexp_total,slug,genaiexp_estz_occscores.csv,,-0.9949898788565764,0.20364741641337386
atmospheric-scientists-including-meteorologists,19-2021,19-2021,1,0.46296296,0.46296296,0.37037036,0.09259259,"Atmospheric scientists, including meteorologists",eisfeldt_genaiexp_total,slug,genaiexp_estz_occscores.csv,,0.9321740385921582,0.8054711246200608
audiologists,29-1181,29-1181,1,0.090909094,0.090909094,0.090909094,0.0,Audiologists,eisfeldt_genaiexp_total,slug,genaiexp_estz_occscores.csv,,-0.8705079817385487,0.2613981762917933
automotive-body-and-glass-repairers,49-3021 | 49-3022,49-3021 | 49-3022,2,0.0,0.0,0.0,0.0,Automotive body and glass repairers,eisfeldt_genaiexp_total,slug,genaiexp_estz_occscores.csv,,-1.310982343691165,0.028875379939209727
automotive-service-technicians-and-mechanics,49-3023,49-3023,1,0.1,0.1,0.083333336,0.016666668,Automotive service technicians and mechanics,eisfeldt_genaiexp_total,slug,genaiexp_estz_occscores.csv,,-0.8264605620170277,0.2811550151975684
bakers,51-3011,51-3011,1,0.083333336,0.083333336,0.055555556,0.027777778,Bakers,eisfeldt_genaiexp_total,slug,genaiexp_estz_occscores.csv,,-0.9072141793754698,0.24316109422492402
barbers-hairstylists-and-cosmetologists,39-5011 | 39-5012,39-5011 | 39-5012,2,0.084239131,0.084239131,0.0592391325,0.0250000005,"Barbers, hairstylists, and cosmetologists",eisfeldt_genaiexp_total,slug,genaiexp_estz_occscores.csv,,-0.9028254053031545,0.24924012158054712
bartenders,35-3011,35-3011,1,0.0,0.0,0.0,0.0,Bartenders,eisfeldt_genaiexp_total,slug,genaiexp_estz_occscores.csv,,-1.310982343691165,0.028875379939209727
bill-and-account-collectors,43-3011,43-3011,1,0.83333331,0.83333331,0.69999999,0.13333334,Bill and account collectors,eisfeldt_genaiexp_total,slug,genaiexp_estz_occscores.csv,,2.726699057204896,0.993920972644377
biochemists-and-biophysicists,19-1021,19-1021,1,0.47916666,0.47916666,0.41666666,0.0625,Biochemists and biophysicists,eisfeldt_genaiexp_total,slug,genaiexp_estz_occscores.csv,,1.0106844945292905,0.8358662613981763
biological-technicians,19-4021,19-4021,1,0.3611111,0.3611111,0.27777779,0.083333336,Biological technicians,eisfeldt_genaiexp_total,slug,genaiexp_estz_occscores.csv,,0.43867959185191047,0.6413373860182371
biomedical-engineers,17-2031,17-2031,1,0.58333331,0.58333331,0.58333331,0.0,Bioengineers and biomedical engineers,eisfeldt_genaiexp_total,slug,genaiexp_estz_occscores.csv,,1.515394603019553,0.9224924012158054
boilermakers,47-2011,47-2011,1,0.0,0.0,0.0,0.0,Boilermakers,eisfeldt_genaiexp_total,slug,genaiexp_estz_occscores.csv,,-1.310982343691165,0.028875379939209727
bookkeeping-accounting-and-auditing-clerks,43-3031,43-3031,1,0.86666667,0.86666667,0.33333334,0.53333336,"Bookkeeping, accounting, and auditing clerks",eisfeldt_genaiexp_total,slug,genaiexp_estz_occscores.csv,,2.8882064469687503,1.0
brickmasons-blockmasons-and-stonemasons,47-2021 | 47-2022 | 47-2051 | 47-2053,47-2021 | 47-2022 | 47-2051 | 47-2053,4,0.0,0.0,0.0,0.0,Masonry workers,eisfeldt_genaiexp_total,slug,genaiexp_estz_occscores.csv,,-1.310982343691165,0.028875379939209727
broadcast-and-sound-engineering-technicians,27-4011 | 27-4012 | 27-4014,27-4011 | 27-4012 | 27-4014,3,0.1798029599999999,0.17980295999999998,0.07019704666666667,0.109605909,"Broadcast, sound, and video technicians",eisfeldt_genaiexp_total,slug,genaiexp_estz_occscores.csv,,-0.43979783839632913,0.42857142857142855
budget-analysts,13-2031,13-2031,1,0.42307693,0.42307693,0.42307693,0.0,Budget analysts,eisfeldt_genaiexp_total,slug,genaiexp_estz_occscores.csv,,0.7389175353970775,0.743161094224924
bus-drivers,53-3021,53-3021,1,0.0,0.0,0.0,0.0,Bus drivers,eisfeldt_genaiexp_total,slug,genaiexp_estz_occscores.csv,,-1.310982343691165,0.028875379939209727
butchers-and-meat-cutters,51-3021,51-3021,1,0.125,0.125,0.041666668,0.083333336,Butchers,eisfeldt_genaiexp_total,slug,genaiexp_estz_occscores.csv,,-0.7053301165984933,0.3434650455927052
cardiovascular-technologists-and-technicians,29-2031,29-2031,1,0.12,0.12,0.039999999,0.079999998,Cardiovascular technologists and technicians,eisfeldt_genaiexp_total,slug,genaiexp_estz_occscores.csv,,-0.7295562056822003,0.3282674772036474
career-and-technical-education-teachers,25-1194 | 25-2023 | 25-2032,25-1194 | 25-2023 | 25-2032,3,0.26329423,0.26329423,0.26329423,0.0,Career and technical education teachers,eisfeldt_genaiexp_total,slug,genaiexp_estz_occscores.csv,,-0.03526444944996413,0.5349544072948328
carpenters,47-2031,47-2031,1,0.0,0.0,0.0,0.0,Carpenters,eisfeldt_genaiexp_total,slug,genaiexp_estz_occscores.csv,,-1.310982343691165,0.028875379939209727
cartographers-and-photogrammetrists,17-1021,17-1021,1,0.35714287,0.35714287,0.25,0.10714286,Cartographers and photogrammetrists,eisfeldt_genaiexp_total,slug,genaiexp_estz_occscores.csv,,0.4194526531549828,0.6231003039513677
cashiers,41-2011,41-2011,1,0.1724138,0.1724138,0.10344828,0.068965517,Cashiers,eisfeldt_genaiexp_total,slug,genaiexp_estz_occscores.csv,,-0.4755999280790813,0.4194528875379939
chefs-and-head-cooks,35-1011,35-1011,1,0.14285715,0.14285715,0.14285715,0.0,Chefs and head cooks,eisfeldt_genaiexp_total,slug,genaiexp_estz_occscores.csv,,-0.6188083352622702,0.38145896656534956
chemical-engineers,17-2041,17-2041,1,0.34615386,0.34615386,0.34615386,0.0,Chemical engineers,eisfeldt_genaiexp_total,slug,genaiexp_estz_occscores.csv,,0.36620850611463357,0.6033434650455927
chemical-technicians,19-4031,19-4031,1,0.25,0.25,0.21875,0.03125,Chemical technicians,eisfeldt_genaiexp_total,slug,genaiexp_estz_occscores.csv,,-0.09967788950582186,0.5197568389057751
chemists-and-materials-scientists,19-2031 | 19-2032,19-2031 | 19-2032,2,0.36057693,0.36057693,0.32572116,0.03485577,Chemists and materials scientists,eisfeldt_genaiexp_total,slug,genaiexp_estz_occscores.csv,,0.43609142185074173,0.6352583586626139
childcare-workers,39-9011,39-9011,1,0.059999999,0.059999999,0.059999999,0.0,Childcare workers,eisfeldt_genaiexp_total,slug,genaiexp_estz_occscores.csv,,-1.0202692795319004,0.18541033434650456
chiropractors,29-1011,29-1011,1,0.090909094,0.090909094,0.090909094,0.0,Chiropractors,eisfeldt_genaiexp_total,slug,genaiexp_estz_occscores.csv,,-0.8705079817385487,0.2613981762917933
civil-engineering-technicians,17-3022,17-3022,1,0.43333334,0.43333334,0.2,0.23333333,Civil engineering technologists and technicians,eisfeldt_genaiexp_total,slug,genaiexp_estz_occscores.csv,,0.7886120758648818,0.7659574468085106
civil-engineers,17-2051,17-2051,1,0.33586511,0.33586511,0.26505601,0.070809096,Civil engineers,eisfeldt_genaiexp_total,slug,genaiexp_estz_occscores.csv,,0.31635727130263597,0.5927051671732523
claims-adjusters-appraisers-examiners-and-investigators,13-1031 | 13-1032,13-1031 | 13-1032,2,0.39285715,0.39285715,0.341133015,0.05172414,"Claims adjusters, appraisers, examiners, and investigators",eisfeldt_genaiexp_total,slug,genaiexp_estz_occscores.csv,,0.5924961189230727,0.6899696048632219
coaches-and-scouts,27-2022,27-2022,1,0.19642857,0.19642857,0.10714286,0.089285716,Coaches and scouts,eisfeldt_genaiexp_total,slug,genaiexp_estz_occscores.csv,,-0.3592431366101351,0.45440729483282677
community-health-workers,21-1094,21-1094,1,0.24137931,0.24137931,0.034482758,0.20689656,Community health workers,eisfeldt_genaiexp_total,slug,genaiexp_estz_occscores.csv,,-0.14144701028642598,0.5075987841945289
compensation-and-benefits-managers,11-3111,11-3111,1,0.41666666,0.41666666,0.27083334,0.14583333,Compensation and benefits managers,eisfeldt_genaiexp_total,slug,genaiexp_estz_occscores.csv,,0.7078583809829548,0.7203647416413373
compensation-benefits-and-job-analysis-specialists,13-1141,13-1141,1,0.60416669,0.60416669,0.375,0.22916667,"Compensation, benefits, and job analysis specialists",eisfeldt_genaiexp_total,slug,genaiexp_estz_occscores.csv,,1.6163368669784965,0.9452887537993921
compliance-officers,13-1041,13-1041,1,0.39154267,0.39154267,0.26047003,0.13107263,Compliance officers,eisfeldt_genaiexp_total,slug,genaiexp_estz_occscores.csv,,0.5861271770073225,0.6869300911854104
computer-and-information-research-scientists,15-1111,15-1111,1,0.60000002,0.60000002,0.60000002,0.0,Computer and information research scientists,eisfeldt_genaiexp_total,slug,genaiexp_estz_occscores.csv,,1.5961484432580144,0.939209726443769
computer-and-information-systems-managers,11-3021,11-3021,1,0.55882353,0.55882353,0.52941179,0.029411765,Computer and information systems managers,eisfeldt_genaiexp_total,slug,genaiexp_estz_occscores.csv,,1.3966393802791415,0.9057750759878419
computer-hardware-engineers,17-2061,17-2061,1,0.3611111,0.3611111,0.33333334,0.027777778,Computer hardware engineers,eisfeldt_genaiexp_total,slug,genaiexp_estz_occscores.csv,,0.43867959185191047,0.6413373860182371
computer-network-architects,15-1143,15-1143,1,0.59440559,0.59440559,0.53525639,0.059149183,Computer network architects,eisfeldt_genaiexp_total,slug,genaiexp_estz_occscores.csv,,1.5690422113475024,0.9331306990881459
computer-programmers,15-1131,15-1131,1,0.85294116,0.85294116,0.64705884,0.20588236,Computer programmers,eisfeldt_genaiexp_total,slug,genaiexp_estz_occscores.csv,,2.8217033613728884,0.9969604863221885
computer-support-specialists,15-1151 | 15-1152,15-1151 | 15-1152,2,0.6490384650000001,0.6490384650000001,0.5865384650000001,0.0625,Computer support specialists,eisfeldt_genaiexp_total,slug,genaiexp_estz_occscores.csv,,1.833750390677307,0.9604863221884499
computer-systems-analysts,15-1121,15-1121,1,0.65106952,0.65106952,0.50334227,0.14772727,Computer systems analysts,eisfeldt_genaiexp_total,slug,genaiexp_estz_occscores.csv,,1.843591294550088,0.9635258358662614
concierges,39-6012,39-6012,1,0.1875,0.1875,0.1875,0.0,Concierges,eisfeldt_genaiexp_total,slug,genaiexp_estz_occscores.csv,,-0.4025040030521576,0.44224924012158057
conservation-scientists,19-1031 | 19-1032,19-1031 | 19-1032,2,0.17915033,0.17915033000000002,0.1168409645,0.062309368500000004,Conservation scientists and foresters,eisfeldt_genaiexp_total,slug,genaiexp_estz_occscores.csv,,-0.44295997290006855,0.425531914893617
construction-and-building-inspectors,47-4011,47-4011,1,0.22994988,0.22994988,0.21679199,0.013157895,Construction and building inspectors,eisfeldt_genaiexp_total,slug,genaiexp_estz_occscores.csv,,-0.1968250881576244,0.49848024316109424
construction-equipment-operators,47-2071 | 47-2072 | 47-2073,47-2071 | 47-2072 | 47-2073,3,0.017857143,0.017857143,0.0,0.017857143,Construction equipment operators,eisfeldt_genaiexp_total,slug,genaiexp_estz_occscores.csv,,-1.2244605962714663,0.07598784194528875
construction-laborers-and-helpers,47-2061 | 47-3011 | 47-3012 | 47-3013 | 47-3014,47-2061 | 47-3011 | 47-3012 | 47-3013 | 47-3014,7,0.0074404762857142,0.007440476285714285,0.0,0.007440476285714285,Construction laborers and helpers,eisfeldt_genaiexp_total,slug,genaiexp_estz_occscores.csv,,-1.2749316154265808,0.057750759878419454
construction-managers,11-9021,11-9021,1,0.18000001,0.18000001,0.14,0.039999999,Construction managers,eisfeldt_genaiexp_total,slug,genaiexp_estz_occscores.csv,,-0.4388430882255398,0.4316109422492401
cooks,35-2011 | 35-2012 | 35-2013 | 35-2014 | 35-2015,35-2011 | 35-2012 | 35-2013 | 35-2014 | 35-2015,5,0.0480316758,0.0480316758,0.020384616,0.0276470594,Cooks,eisfeldt_genaiexp_total,slug,genaiexp_estz_occscores.csv,,-1.0782584123370595,0.14893617021276595
correctional-officers,33-3011 | 33-3012,33-3011 | 33-3012,2,0.067307695,0.067307695,0.05769231,0.009615385,Correctional officers and bailiffs,eisfeldt_genaiexp_total,slug,genaiexp_estz_occscores.csv,,-0.9848619006733708,0.20972644376899696
cost-estimators,13-1051,13-1051,1,0.42857143,0.42857143,0.39285713,0.035714287,Cost estimators,eisfeldt_genaiexp_total,slug,genaiexp_estz_occscores.csv,,0.7655395846911628,0.7553191489361702
court-reporters,23-2091,23-2091,1,0.5,0.5,0.35714287,0.14285715,Court reporters and simultaneous captioners,eisfeldt_genaiexp_total,slug,genaiexp_estz_occscores.csv,,1.1116265646795211,0.8556231003039514
craft-and-fine-artists,27-1012 | 27-1013,27-1012 | 27-1013,2,0.1234375,0.1234375,0.098958335,0.0244791675,Craft and fine artists,eisfeldt_genaiexp_total,slug,genaiexp_estz_occscores.csv,,-0.7129007694371517,0.3343465045592705
credit-counselors,13-2071,13-2071,1,0.41304347,0.41304347,0.41304347,0.0,Credit counselors,eisfeldt_genaiexp_total,slug,genaiexp_estz_occscores.csv,,0.6903032362415157,0.7112462006079028
curators-museum-technicians-and-conservators,25-4011 | 25-4012 | 25-4013,25-4011 | 25-4012 | 25-4013,3,0.3051282099999999,0.30512820999999996,0.27948718333333333,0.025641026666666667,"Archivists, curators, and museum workers",eisfeldt_genaiexp_total,slug,genaiexp_estz_occscores.csv,,0.16743029579123753,0.5683890577507599
customer-service-representatives,43-4051,43-4051,1,0.56666666,0.56666666,0.33333334,0.23333333,Customer service representatives,eisfeldt_genaiexp_total,slug,genaiexp_estz_occscores.csv,,1.4346410534941605,0.9118541033434651
dancers-and-choreographers,27-2031 | 27-2032,27-2031 | 27-2032,2,0.0178571435,0.0178571435,0.0178571435,0.0,Dancers and choreographers,eisfeldt_genaiexp_total,slug,genaiexp_estz_occscores.csv,,-1.2244605938488575,0.0790273556231003
database-administrators,15-1141,15-1141,1,0.56784779,0.56784779,0.53036892,0.037478816,Database administrators and architects,eisfeldt_genaiexp_total,slug,genaiexp_estz_occscores.csv,,1.4403638856140482,0.9148936170212766
delivery-truck-drivers-and-driver-sales-workers,53-3031 | 53-3033,53-3031 | 53-3033,2,0.0773809554999999,0.07738095549999999,0.0357142875,0.041666668,Delivery truck drivers and driver/sales workers,eisfeldt_genaiexp_total,slug,genaiexp_estz_occscores.csv,,-0.9360547594260941,0.23100303951367782
dental-and-ophthalmic-laboratory-technicians-and-medical-appliance-technicians,51-9081 | 51-9082 | 51-9083,51-9081 | 51-9082 | 51-9083,3,0.0,0.0,0.0,0.0,Dental and ophthalmic laboratory technicians and medical appliance technicians,eisfeldt_genaiexp_total,slug,genaiexp_estz_occscores.csv,,-1.310982343691165,0.028875379939209727
dental-assistants,31-9091,31-9091,1,0.125,0.125,0.125,0.0,Dental assistants,eisfeldt_genaiexp_total,slug,genaiexp_estz_occscores.csv,,-0.7053301165984933,0.3434650455927052
dental-hygienists,29-2021,29-2021,1,0.055555556,0.055555556,0.055555556,0.0,Dental hygienists,eisfeldt_genaiexp_total,slug,genaiexp_estz_occscores.csv,,-1.0418035739409919,0.17477203647416414
dentists,29-1021 | 29-1022 | 29-1023 | 29-1024,29-1021 | 29-1022 | 29-1023 | 29-1024,4,0.03750000025,0.03750000025,0.03750000025,0.0,Dentists,eisfeldt_genaiexp_total,slug,genaiexp_estz_occscores.csv,,-1.1292866743520589,0.1276595744680851
desktop-publishers,43-9031,43-9031,1,0.52777779,0.52777779,0.47222221,0.055555556,Desktop publishers,eisfeldt_genaiexp_total,slug,genaiexp_estz_occscores.csv,,1.2462160076972215,0.8905775075987842
diagnostic-medical-sonographers,29-2032,29-2032,1,0.075000003,0.075000003,0.075000003,0.0,Diagnostic medical sonographers,eisfeldt_genaiexp_total,slug,genaiexp_estz_occscores.csv,,-0.9475909928999086,0.22492401215805471
diesel-service-technicians-and-mechanics,49-3031,49-3031,1,0.01923077,0.01923077,0.01923077,0.0,Diesel service technicians and mechanics,eisfeldt_genaiexp_total,slug,genaiexp_estz_occscores.csv,,-1.2178050742575093,0.08662613981762918
dietitians-and-nutritionists,29-1031,29-1031,1,0.2857143,0.2857143,0.17857143,0.10714286,Dietitians and nutritionists,eisfeldt_genaiexp_total,slug,genaiexp_estz_occscores.csv,,0.0733656731666244,0.5501519756838906
drafters,17-3011 | 17-3012 | 17-3013,17-3011 | 17-3012 | 17-3013,3,0.38492064,0.38492064000000004,0.34007936666666666,0.04484127133333333,Drafters,eisfeldt_genaiexp_total,slug,genaiexp_estz_occscores.csv,,0.5540419992683266,0.6778115501519757
drywall-and-ceiling-tile-installers-and-tapers,47-2081 | 47-2082,47-2081 | 47-2082,2,0.01923077,0.01923077,0.01923077,0.0,"Drywall installers, ceiling tile installers, and tapers",eisfeldt_genaiexp_total,slug,genaiexp_estz_occscores.csv,,-1.2178050742575093,0.08662613981762918
economists,19-3011,19-3011,1,0.56923079,0.56923079,0.52499998,0.04423077,Economists,eisfeldt_genaiexp_total,slug,genaiexp_estz_occscores.csv,,1.4470648218546014,0.9179331306990881
editors,27-3041,27-3041,1,0.64285713,0.64285713,0.42857143,0.21428572,Editors,eisfeldt_genaiexp_total,slug,genaiexp_estz_occscores.csv,,1.8038004762040596,0.9574468085106383
electrical-and-electronics-engineering-technicians,17-3023,17-3023,1,0.44999999,0.44999999,0.41666666,0.033333335,Electrical and electronic engineering technologists and technicians,eisfeldt_genaiexp_total,slug,genaiexp_estz_occscores.csv,,0.8693656253902744,0.7948328267477204
electrical-and-electronics-engineers,17-2071 | 17-2072,17-2071 | 17-2072,2,0.483225125,0.483225125,0.30465368,0.17857143,Electrical and electronics engineers,eisfeldt_genaiexp_total,slug,genaiexp_estz_occscores.csv,,1.0303486414559115,0.8389057750759878
electrical-and-electronics-installers-and-repairers,49-2092 | 49-2093 | 49-2094 | 49-2095 | 49-2096,49-2092 | 49-2093 | 49-2094 | 49-2095 | 49-2096,5,0.14019231,0.14019231000000001,0.1209615392,0.0192307698,Electrical and electronics installers and repairers,eisfeldt_genaiexp_total,slug,genaiexp_estz_occscores.csv,,-0.6317200655090354,0.3738601823708207
electricians,47-2111,47-2111,1,0.047619049,0.047619049,0.047619049,0.0,Electricians,eisfeldt_genaiexp_total,slug,genaiexp_estz_occscores.csv,,-1.0802576790600844,0.1458966565349544
electro-mechanical-technicians,17-3024,17-3024,1,0.34182906,0.34182906,0.17316341,0.16866568,Electro-mechanical and mechatronics technologists and technicians,eisfeldt_genaiexp_total,slug,genaiexp_estz_occscores.csv,,0.34525390810079065,0.5957446808510638
elementary-middle-and-high-school-principals,11-9032,11-9032,1,0.40625,0.40625,0.3125,0.09375,"Elementary, middle, and high school principals",eisfeldt_genaiexp_total,slug,genaiexp_estz_occscores.csv,,0.6573873943600175,0.7021276595744681
elevator-installers-and-repairers,47-4021,47-4021,1,0.050000001,0.050000001,0.050000001,0.0,Elevator and escalator installers and repairers,eisfeldt_genaiexp_total,slug,genaiexp_estz_occscores.csv,,-1.0687214480088785,0.1580547112462006
emergency-management-directors,11-9161,11-9161,1,0.52173913,0.52173913,0.52173913,0.0,Emergency management directors,eisfeldt_genaiexp_total,slug,genaiexp_estz_occscores.csv,,1.2169573846759782,0.878419452887538
emts-and-paramedics,29-2041,29-2041,1,0.02878464,0.02878464,0.02878464,0.0,EMTs and paramedics,eisfeldt_genaiexp_total,slug,genaiexp_estz_occscores.csv,,-1.1715144931146786,0.10638297872340426
environmental-engineering-technicians,17-3025,17-3025,1,0.40384614,0.40384614,0.17307693,0.23076923,Environmental engineering technologists and technicians,eisfeldt_genaiexp_total,slug,genaiexp_estz_occscores.csv,,0.6457401690590657,0.6990881458966566
environmental-engineers,17-2081,17-2081,1,0.51785713,0.51785713,0.48214287,0.035714287,Environmental engineers,eisfeldt_genaiexp_total,slug,genaiexp_estz_occscores.csv,,1.198148249111388,0.8753799392097265
environmental-science-and-protection-technicians,19-4091,19-4091,1,0.34615386,0.34615386,0.28846154,0.057692308,Environmental science and protection technicians,eisfeldt_genaiexp_total,slug,genaiexp_estz_occscores.csv,,0.36620850611463357,0.6033434650455927
environmental-scientists-and-specialists,19-2041,19-2041,1,0.52633995,0.52633995,0.43602893,0.090311006,Environmental scientists and specialists,eisfeldt_genaiexp_total,slug,genaiexp_estz_occscores.csv,,1.239249359711598,0.8875379939209727
epidemiologists,19-1041,19-1041,1,0.46666667,0.46666667,0.36666667,0.1,Epidemiologists,eisfeldt_genaiexp_total,slug,genaiexp_estz_occscores.csv,,0.9501193202722015,0.8145896656534954
exercise-physiologists,29-1128,29-1128,1,0.1,0.1,0.1,0.0,Exercise physiologists,eisfeldt_genaiexp_total,slug,genaiexp_estz_occscores.csv,,-0.8264605620170277,0.2811550151975684
farmers-ranchers-and-other-agricultural-managers,11-9013,11-9013,1,0.083333336,0.083333336,0.083333336,0.0,"Farmers, ranchers, and other agricultural managers",eisfeldt_genaiexp_total,slug,genaiexp_estz_occscores.csv,,-0.9072141793754698,0.24316109422492402
fashion-designers,27-1022,27-1022,1,0.125,0.125,0.1,0.025,Fashion designers,eisfeldt_genaiexp_total,slug,genaiexp_estz_occscores.csv,,-0.7053301165984933,0.3434650455927052
film-and-video-editors-and-camera-operators,27-4031 | 27-4032,27-4031 | 27-4032,2,0.0538949284999999,0.053894928499999994,0.021739131,0.032155798,Film and video editors and camera operators,eisfeldt_genaiexp_total,slug,genaiexp_estz_occscores.csv,,-1.049849675890963,0.1702127659574468
financial-analysts,13-2051,13-2051,1,0.4361777,0.4361777,0.4361777,0.0,Financial analysts,eisfeldt_genaiexp_total,slug,genaiexp_estz_occscores.csv,,0.8023936196141083,0.7781155015197568
financial-clerks,43-3021 | 43-3041 | 43-3051 | 43-3061 | 43-4011,43-3021 | 43-3041 | 43-3051 | 43-3061 | 43-4011,9,0.4763370255555556,0.4763370255555556,0.3529204077777778,0.12341662088888888,Financial clerks,eisfeldt_genaiexp_total,slug,genaiexp_estz_occscores.csv,,0.9969742993042034,0.8328267477203647
financial-examiners,13-2061,13-2061,1,0.47058824,0.47058824,0.41176471,0.05882353,Financial examiners,eisfeldt_genaiexp_total,slug,genaiexp_estz_occscores.csv,,0.9691201811057999,0.8206686930091185
financial-managers,11-3031,11-3031,1,0.43567821,0.43567821,0.2299062,0.20577201,Financial managers,eisfeldt_genaiexp_total,slug,genaiexp_estz_occscores.csv,,0.7999734817668241,0.7720364741641338
fire-inspectors-and-investigators,33-2021 | 33-2022,33-2021 | 33-2022,2,0.251041665,0.251041665,0.217708335,0.033333335,Fire inspectors,eisfeldt_genaiexp_total,slug,genaiexp_estz_occscores.csv,,-0.09463079568874584,0.5258358662613982
firefighters,33-2011,33-2011,1,0.033333335,0.033333335,0.033333335,0.0,Firefighters,eisfeldt_genaiexp_total,slug,genaiexp_estz_occscores.csv,,-1.1494750750577563,0.12158054711246201
fishers-and-related-fishing-workers,45-3011 | 45-3021,45-3011 | 45-3021,2,0.0,0.0,0.0,0.0,Fishing and hunting workers,eisfeldt_genaiexp_total,slug,genaiexp_estz_occscores.csv,,-1.310982343691165,0.028875379939209727
fitness-trainers-and-instructors,39-9031,39-9031,1,0.090909094,0.090909094,0.090909094,0.0,Fitness trainers and instructors,eisfeldt_genaiexp_total,slug,genaiexp_estz_occscores.csv,,-0.8705079817385487,0.2613981762917933
flight-attendants,53-2031,53-2031,1,0.1,0.1,0.1,0.0,Flight attendants,eisfeldt_genaiexp_total,slug,genaiexp_estz_occscores.csv,,-0.8264605620170277,0.2811550151975684
floral-designers,27-1023,27-1023,1,0.0625,0.0625,0.0625,0.0,Floral designers,eisfeldt_genaiexp_total,slug,genaiexp_estz_occscores.csv,,-1.008156230144829,0.1899696048632219
food-and-beverage-serving-and-related-workers,35-3021 | 35-3022 | 35-3041 | 35-9011 | 35-9031,35-3021 | 35-3022 | 35-3041 | 35-9011 | 35-9031,5,0.0798701315999999,0.07987013159999999,0.0707792196,0.0090909094,Food and beverage serving and related workers,eisfeldt_genaiexp_total,slug,genaiexp_estz_occscores.csv,,-0.9239941590373674,0.23404255319148937
food-and-tobacco-processing-workers,51-3091 | 51-3092 | 51-3093,51-3091 | 51-3092 | 51-3093,3,0.0633333336666666,0.06333333366666667,0.056666667000000004,0.006666666666666667,Food processing equipment workers,eisfeldt_genaiexp_total,slug,genaiexp_estz_occscores.csv,,-1.0041185470158056,0.19756838905775076
food-preparation-workers,35-2021,35-2021,1,0.064516127,0.064516127,0.032258064,0.032258064,Food preparation workers,eisfeldt_genaiexp_total,slug,genaiexp_estz_occscores.csv,,-0.9983876556836158,0.2006079027355623
food-service-managers,11-9051,11-9051,1,0.19642857,0.19642857,0.14285715,0.053571429,Food service managers,eisfeldt_genaiexp_total,slug,genaiexp_estz_occscores.csv,,-0.3592431366101351,0.45440729483282677
forensic-science-technicians,19-4092,19-4092,1,0.21428572,0.21428572,0.14285715,0.071428575,Forensic science technicians,eisfeldt_genaiexp_total,slug,genaiexp_estz_occscores.csv,,-0.27272135527391184,0.4756838905775076
forest-and-conservation-workers,45-4011,45-4011,1,0.023809524,0.023809524,0.0,0.023809524,Forest and conservation workers,eisfeldt_genaiexp_total,slug,genaiexp_estz_occscores.csv,,-1.1956200137982336,0.09270516717325228
fundraisers,13-1131,13-1131,1,0.375,0.375,0.3392857,0.035714287,Fundraisers,eisfeldt_genaiexp_total,slug,genaiexp_estz_occscores.csv,,0.5059743375868496,0.6610942249240122
funeral-service-occupations,11-9061 | 39-4031,11-9061 | 39-4031,2,0.193181825,0.193181825,0.181818185,0.0113636365,Funeral service workers,eisfeldt_genaiexp_total,slug,genaiexp_estz_occscores.csv,,-0.3749743233305511,0.44680851063829785
gaming-services-occupations,11-9071 | 39-1011 | 39-1012 | 39-3011 | 39-3012,11-9071 | 39-1011 | 39-1012 | 39-3011 | 39-3012,5,0.135944411,0.13594441100000001,0.0910959244,0.0448484868,Gambling services workers,eisfeldt_genaiexp_total,slug,genaiexp_estz_occscores.csv,,-0.6523020614275532,0.3677811550151976
general-maintenance-and-repair-workers,49-9071,49-9071,1,0.13333334,0.13333334,0.13333334,0.0,General maintenance and repair workers,eisfeldt_genaiexp_total,slug,genaiexp_estz_occscores.csv,,-0.6649532691575298,0.36322188449848025
general-office-clerks,43-9061,43-9061,1,0.73809522,0.73809522,0.5,0.23809524,General office clerks,eisfeldt_genaiexp_total,slug,genaiexp_estz_occscores.csv,,2.265249766704478,0.9787234042553191
genetic-counselors,29-9092,29-9092,1,0.44736841,0.44736841,0.44736841,0.0,Genetic counselors,eisfeldt_genaiexp_total,slug,genaiexp_estz_occscores.csv,,0.8566150470880941,0.790273556231003
geographers,19-3092,19-3092,1,0.41666666,0.41666666,0.41666666,0.0,Geographers,eisfeldt_genaiexp_total,slug,genaiexp_estz_occscores.csv,,0.7078583809829548,0.7203647416413373
geological-and-petroleum-technicians,19-4041,19-4041,1,0.35956848,0.35956848,0.29041067,0.069157809,Geological and hydrologic technicians,eisfeldt_genaiexp_total,slug,genaiexp_estz_occscores.csv,,0.43120526194344894,0.6291793313069909
geoscientists,19-2042,19-2042,1,0.421875,0.421875,0.171875,0.25,Geoscientists,eisfeldt_genaiexp_total,slug,genaiexp_estz_occscores.csv,,0.7330939227466015,0.7386018237082067
glaziers,47-2121,47-2121,1,0.0,0.0,0.0,0.0,Glaziers,eisfeldt_genaiexp_total,slug,genaiexp_estz_occscores.csv,,-1.310982343691165,0.028875379939209727
graphic-designers,27-1024,27-1024,1,0.15625,0.15625,0.15625,0.0,Graphic designers,eisfeldt_genaiexp_total,slug,genaiexp_estz_occscores.csv,,-0.5539170598253255,0.4012158054711246
grounds-maintenance-workers,37-3011 | 37-3012 | 37-3013,37-3011 | 37-3012 | 37-3013,3,0.0294871803333333,0.029487180333333335,0.023076923666666666,0.006410256666666667,Grounds maintenance workers,eisfeldt_genaiexp_total,slug,genaiexp_estz_occscores.csv,,-1.1681105321746326,0.1094224924012158
hand-laborers-and-material-movers,43-5081 | 53-7061 | 53-7062 | 53-7063 | 53-7064,43-5081 | 53-7061 | 53-7062 | 53-7063 | 53-7064,6,0.0583727633333333,0.058372763333333334,0.04178876833333334,0.016583995,Hand laborers and material movers,eisfeldt_genaiexp_total,slug,genaiexp_estz_occscores.csv,,-1.0281535907760708,0.17933130699088146
hazardous-materials-removal-workers,47-4041,47-4041,1,0.0,0.0,0.0,0.0,Hazardous materials removal workers,eisfeldt_genaiexp_total,slug,genaiexp_estz_occscores.csv,,-1.310982343691165,0.028875379939209727
health-and-safety-engineers,17-2111,17-2111,1,0.39672363,0.39672363,0.39672363,0.0,Health and safety engineers,eisfeldt_genaiexp_total,slug,genaiexp_estz_occscores.csv,,0.611230056707147,0.6930091185410334
health-educators,21-1091,21-1091,1,0.53125,0.53125,0.5,0.03125,Health education specialists,eisfeldt_genaiexp_total,slug,genaiexp_estz_occscores.csv,,1.263039621452689,0.8936170212765957
health-information-technologists-and-medical-registrars,29-2071,29-2071,1,0.48774636,0.48774636,0.48774636,0.0,Health information technologists and medical registrars,eisfeldt_genaiexp_total,slug,genaiexp_estz_occscores.csv,,1.0522550098315864,0.8419452887537994
heating-air-conditioning-and-refrigeration-mechanics-and-installers,49-9021,49-9021,1,0.033333335,0.033333335,0.033333335,0.0,"Heating, air conditioning, and refrigeration mechanics and installers",eisfeldt_genaiexp_total,slug,genaiexp_estz_occscores.csv,,-1.1494750750577563,0.12158054711246201
heavy-and-tractor-trailer-truck-drivers,53-3032,53-3032,1,0.17741935,0.17741935,0.17741935,0.0,Heavy and tractor-trailer truck drivers,eisfeldt_genaiexp_total,slug,genaiexp_estz_occscores.csv,,-0.4513469480364915,0.42249240121580545
heavy-vehicle-and-mobile-equipment-service-technicians,49-3041 | 49-3042 | 49-3043,49-3041 | 49-3042 | 49-3043,3,0.0488095259999999,0.04880952599999999,0.04880952599999999,0.0,Heavy vehicle and mobile equipment service technicians,eisfeldt_genaiexp_total,slug,genaiexp_estz_occscores.csv,,-1.074489558689264,0.1519756838905775
high-school-teachers,25-2031,25-2031,1,0.234375,0.234375,0.21875,0.015625,High school teachers,eisfeldt_genaiexp_total,slug,genaiexp_estz_occscores.csv,,-0.1753844178924058,0.5015197568389058
historians,19-3093,19-3093,1,0.47619048,0.47619048,0.38095239,0.095238097,Historians,eisfeldt_genaiexp_total,slug,genaiexp_estz_occscores.csv,,0.9962642541674612,0.8282674772036475
human-resources-managers,11-3121,11-3121,1,0.38461539,0.38461539,0.38461539,0.0,Human resources managers,eisfeldt_genaiexp_total,slug,genaiexp_estz_occscores.csv,,0.5525629965297665,0.6747720364741642
human-resources-specialists,13-1071,13-1071,1,0.44230768,0.44230768,0.34615386,0.096153848,Human resources specialists,eisfeldt_genaiexp_total,slug,genaiexp_estz_occscores.csv,,0.8320947079263764,0.7872340425531915
hydrologists,19-2043,19-2043,1,0.36000001,0.36000001,0.34,0.02,Hydrologists,eisfeldt_genaiexp_total,slug,genaiexp_estz_occscores.csv,,0.43329611878790714,0.6322188449848024
industrial-designers,27-1021,27-1021,1,0.35294119,0.35294119,0.2647059,0.088235296,Industrial designers,eisfeldt_genaiexp_total,slug,genaiexp_estz_occscores.csv,,0.39909459835873695,0.6155015197568389
industrial-engineering-technicians,17-3026,17-3026,1,0.36166668,0.36166668,0.35333335,0.0083333338,Industrial engineering technologists and technicians,eisfeldt_genaiexp_total,slug,genaiexp_estz_occscores.csv,,0.44137149796653563,0.6474164133738601
industrial-engineers,17-2112,17-2112,1,0.44070512,0.44070512,0.4082678,0.032437354,Industrial engineers,eisfeldt_genaiexp_total,slug,genaiexp_estz_occscores.csv,,0.8243299556619795,0.78419452887538
industrial-machinery-mechanics-and-maintenance-workers-and-millwrights,49-9041 | 49-9043 | 49-9044,49-9041 | 49-9043 | 49-9044,3,0.1067834136666666,0.10678341366666666,0.10678341366666666,0.0,"Industrial machinery mechanics, machinery maintenance workers, and millwrights",eisfeldt_genaiexp_total,slug,genaiexp_estz_occscores.csv,,-0.7935934452609678,0.3069908814589666
industrial-production-managers,11-3051,11-3051,1,0.22676244,0.22676244,0.19529626,0.031466193,Industrial production managers,eisfeldt_genaiexp_total,slug,genaiexp_estz_occscores.csv,,-0.21226892923541846,0.49240121580547114
information-clerks,43-4021 | 43-4031 | 43-4061 | 43-4071 | 43-4081,43-4021 | 43-4031 | 43-4061 | 43-4071 | 43-4081,9,0.5173853733333333,0.5173853733333333,0.35528732333333335,0.16209806000000002,Information clerks,eisfeldt_genaiexp_total,slug,genaiexp_estz_occscores.csv,,1.1958624853048883,0.8723404255319149
information-security-analysts,15-1122,15-1122,1,0.75,0.75,0.75,0.0,Information security analysts,eisfeldt_genaiexp_total,slug,genaiexp_estz_occscores.csv,,2.322931018864864,0.9848024316109423
instructional-coordinators,25-9031,25-9031,1,0.44999999,0.44999999,0.43333334,0.016666668,Instructional coordinators,eisfeldt_genaiexp_total,slug,genaiexp_estz_occscores.csv,,0.8693656253902744,0.7948328267477204
insulation-workers,47-2131 | 47-2132,47-2131 | 47-2132,2,0.0250000005,0.0250000005,0.0250000005,0.0,Insulation workers,eisfeldt_genaiexp_total,slug,genaiexp_estz_occscores.csv,,-1.1898518958500217,0.0972644376899696
insurance-sales-agents,41-3021,41-3021,1,0.15789473,0.15789473,0.15789473,0.0,Insurance sales agents,eisfeldt_genaiexp_total,slug,genaiexp_estz_occscores.csv,,-0.5459479847255964,0.40425531914893614
insurance-underwriters,13-2053,13-2053,1,0.5,0.5,0.5,0.0,Insurance underwriters,eisfeldt_genaiexp_total,slug,genaiexp_estz_occscores.csv,,1.1116265646795211,0.8556231003039514
interior-designers,27-1025,27-1025,1,0.33333334,0.33333334,0.30000001,0.033333335,Interior designers,eisfeldt_genaiexp_total,slug,genaiexp_estz_occscores.csv,,0.30409029419074446,0.5866261398176292
interpreters-and-translators,27-3091,27-3091,1,0.82352942,0.82352942,0.41176471,0.41176471,Interpreters and translators,eisfeldt_genaiexp_total,slug,genaiexp_estz_occscores.csv,,2.6791970747035236,0.9908814589665653
janitors-and-building-cleaners,37-2011,37-2011,1,0.043478262,0.043478262,0.043478262,0.0,Janitors and building cleaners,eisfeldt_genaiexp_total,slug,genaiexp_estz_occscores.csv,,-1.1003206940078156,0.1398176291793313
jewelers-and-precious-stone-and-metal-workers,51-9071,51-9071,1,0.031060606,0.031060606,0.031060606,0.0,Jewelers and precious stone and metal workers,eisfeldt_genaiexp_total,slug,genaiexp_estz_occscores.csv,,-1.160486942101181,0.11246200607902736
judges-and-hearing-officers,23-1021 | 23-1023,23-1021 | 23-1023,2,0.30952381,0.30952381,0.2321428525,0.0773809545,Judges and hearing officers,eisfeldt_genaiexp_total,slug,genaiexp_estz_occscores.csv,,0.18872793522650644,0.5775075987841946
kindergarten-and-elementary-school-teachers,25-2012 | 25-2021,25-2012 | 25-2021,2,0.12002134,0.12002134,0.12002134,0.0,Kindergarten and elementary school teachers,eisfeldt_genaiexp_total,slug,genaiexp_estz_occscores.csv,,-0.729452808733991,0.331306990881459
labor-relations-specialists,13-1075,13-1075,1,0.58928573,0.58928573,0.5,0.089285716,Labor relations specialists,eisfeldt_genaiexp_total,slug,genaiexp_estz_occscores.csv,,1.5442353744562805,0.9270516717325228
landscape-architects,17-1012,17-1012,1,0.21052632,0.21052632,0.21052632,0.0,Landscape architects,eisfeldt_genaiexp_total,slug,genaiexp_estz_occscores.csv,,-0.2909364671341695,0.47112462006079026
lawyers,23-1011,23-1011,1,0.38636363,0.38636363,0.31818181,0.06818182,Lawyers,eisfeldt_genaiexp_total,slug,genaiexp_estz_occscores.csv,,0.5610336001257065,0.6808510638297872
librarians,25-4021 | 25-9011,25-4021 | 25-9011,2,0.30000001,0.30000001,0.30000001,0.0,Librarians and library media specialists,eisfeldt_genaiexp_total,slug,genaiexp_estz_occscores.csv,,0.14258304978342481,0.5653495440729484
library-technicians-and-assistants,25-4031 | 43-4121,25-4031 | 43-4121,2,0.33008659,0.33008659,0.22207793,0.1080086605,Library technicians and assistants,eisfeldt_genaiexp_total,slug,genaiexp_estz_occscores.csv,,0.2883590832442396,0.5835866261398176
licensed-practical-and-licensed-vocational-nurses,29-2061,29-2061,1,0.13043478,0.13043478,0.13043478,0.0,Licensed practical and licensed vocational nurses,eisfeldt_genaiexp_total,slug,genaiexp_estz_occscores.csv,,-0.6789974237124237,0.3541033434650456
line-installers-and-repairers,49-9051,49-9051,1,0.0,0.0,0.0,0.0,Electrical power-line installers and repairers,eisfeldt_genaiexp_total,slug,genaiexp_estz_occscores.csv,,-1.310982343691165,0.028875379939209727
loan-officers,13-2072,13-2072,1,0.43333334,0.43333334,0.38333333,0.050000001,Loan officers,eisfeldt_genaiexp_total,slug,genaiexp_estz_occscores.csv,,0.7886120758648818,0.7659574468085106
lodging-managers,11-9081,11-9081,1,0.22916667,0.22916667,0.20833333,0.020833334,Lodging managers,eisfeldt_genaiexp_total,slug,genaiexp_estz_occscores.csv,,-0.20061991120387446,0.49544072948328266
logging-workers,45-4021 | 45-4022 | 45-4023,45-4021 | 45-4022 | 45-4023,3,0.0,0.0,0.0,0.0,Logging workers,eisfeldt_genaiexp_total,slug,genaiexp_estz_occscores.csv,,-1.310982343691165,0.028875379939209727
logisticians,13-1081,13-1081,1,0.46713912,0.46713912,0.41283804,0.054301076,Logisticians,eisfeldt_genaiexp_total,slug,genaiexp_estz_occscores.csv,,0.952408443429721,0.817629179331307
machinists-and-tool-and-die-makers,51-4041 | 51-4111,51-4041 | 51-4111,2,0.101926979,0.101926979,0.072515214,0.029411765,Machinists and tool and die makers,eisfeldt_genaiexp_total,slug,genaiexp_estz_occscores.csv,,-0.8171239290337412,0.2978723404255319
management-analysts,13-1111,13-1111,1,0.45454547,0.45454547,0.45454547,0.0,Management analysts,eisfeldt_genaiexp_total,slug,genaiexp_estz_occscores.csv,,0.8913894660719159,0.8024316109422492
manicurists-and-pedicurists,39-5092,39-5092,1,0.055555556,0.055555556,0.055555556,0.0,Manicurists and pedicurists,eisfeldt_genaiexp_total,slug,genaiexp_estz_occscores.csv,,-1.0418035739409919,0.17477203647416414
marine-engineers-and-naval-architects,17-2121,17-2121,1,0.21666667,0.21666667,0.21666667,0.0,Marine engineers and naval architects,eisfeldt_genaiexp_total,slug,genaiexp_estz_occscores.csv,,-0.2611851339131415,0.4817629179331307
market-research-analysts,13-1161,13-1161,1,0.49305555,0.49305555,0.40972221,0.083333336,Market research analysts,eisfeldt_genaiexp_total,slug,genaiexp_estz_occscores.csv,,1.0779791918120516,0.8449848024316109
marriage-and-family-therapists,21-1013,21-1013,1,0.1875,0.1875,0.15625,0.03125,Marriage and family therapists,eisfeldt_genaiexp_total,slug,genaiexp_estz_occscores.csv,,-0.4025040030521576,0.44224924012158057
massage-therapists,31-9011,31-9011,1,0.0,0.0,0.0,0.0,Massage therapists,eisfeldt_genaiexp_total,slug,genaiexp_estz_occscores.csv,,-1.310982343691165,0.028875379939209727
material-moving-machine-operators,53-7011 | 53-7021 | 53-7031 | 53-7041 | 53-7051,53-7011 | 53-7021 | 53-7031 | 53-7041 | 53-7051,5,0.0173913045999999,0.017391304599999997,0.0,0.017391304599999997,Material moving machine operators,eisfeldt_genaiexp_total,slug,genaiexp_estz_occscores.csv,,-1.2267176847868693,0.0729483282674772
material-recording-clerks,43-5061 | 43-5071 | 43-5111,43-5061 | 43-5071 | 43-5111,3,0.61096257,0.61096257,0.31996435333333334,0.29099821566666667,Material recording clerks,eisfeldt_genaiexp_total,slug,genaiexp_estz_occscores.csv,,1.6492643858349327,0.9483282674772037
materials-engineers,17-2131,17-2131,1,0.42857143,0.42857143,0.42857143,0.0,Materials engineers,eisfeldt_genaiexp_total,slug,genaiexp_estz_occscores.csv,,0.7655395846911628,0.7553191489361702
mathematicians-and-statisticians,15-2021 | 15-2041,15-2021 | 15-2041,2,0.752870825,0.752870825,0.730143545,0.0227272735,Mathematicians and statisticians,eisfeldt_genaiexp_total,slug,genaiexp_estz_occscores.csv,,2.3368407913036107,0.9878419452887538
mechanical-engineering-technicians,17-3027,17-3027,1,0.34722221,0.34722221,0.31388891,0.033333335,Mechanical engineering technologists and technicians,eisfeldt_genaiexp_total,slug,genaiexp_estz_occscores.csv,,0.3713848945691492,0.60790273556231
mechanical-engineers,17-2141,17-2141,1,0.37366301,0.37366301,0.31368133,0.059981685,Mechanical engineers,eisfeldt_genaiexp_total,slug,genaiexp_estz_occscores.csv,,0.4994963298180447,0.6534954407294833
medical-and-health-services-managers,11-9111,11-9111,1,0.30555555,0.30555555,0.27777779,0.027777778,Medical and health services managers,eisfeldt_genaiexp_total,slug,genaiexp_estz_occscores.csv,,0.1695008511730443,0.5729483282674772
medical-assistants,31-9092,31-9092,1,0.125,0.125,0.125,0.0,Medical assistants,eisfeldt_genaiexp_total,slug,genaiexp_estz_occscores.csv,,-0.7053301165984933,0.3434650455927052
medical-equipment-repairers,49-9062,49-9062,1,0.13157895,0.13157895,0.13157895,0.0,Medical equipment repairers,eisfeldt_genaiexp_total,slug,genaiexp_estz_occscores.csv,,-0.6734536708430428,0.3586626139817629
medical-scientists,19-1042,19-1042,1,0.4642857,0.4642857,0.2857143,0.17857143,Medical scientists,eisfeldt_genaiexp_total,slug,genaiexp_estz_occscores.csv,,0.9385830020070749,0.8100303951367781
medical-transcriptionists,31-9094,31-9094,1,0.60000002,0.60000002,0.60000002,0.0,Medical transcriptionists,eisfeldt_genaiexp_total,slug,genaiexp_estz_occscores.csv,,1.5961484432580144,0.939209726443769
meeting-convention-and-event-planners,13-1121,13-1121,1,0.45238096,0.45238096,0.38095239,0.071428575,"Meeting, convention, and event planners",eisfeldt_genaiexp_total,slug,genaiexp_estz_occscores.csv,,0.8809019436554011,0.7993920972644377
metal-and-plastic-machine-workers,51-4011 | 51-4012 | 51-4021 | 51-4022 | 51-4023,51-4011 | 51-4012 | 51-4021 | 51-4022 | 51-4023,20,0.0744103237,0.0744103237,0.051771554399999996,0.022638769349999997,Metal and plastic machine workers,eisfeldt_genaiexp_total,slug,genaiexp_estz_occscores.csv,,-0.9504481175504321,0.22188449848024316
microbiologists,19-1022,19-1022,1,0.2857143,0.2857143,0.21428572,0.071428575,Microbiologists,eisfeldt_genaiexp_total,slug,genaiexp_estz_occscores.csv,,0.0733656731666244,0.5501519756838906
middle-school-teachers,25-2022,25-2022,1,0.14285715,0.14285715,0.14285715,0.0,Middle school teachers,eisfeldt_genaiexp_total,slug,genaiexp_estz_occscores.csv,,-0.6188083352622702,0.38145896656534956
mining-and-geological-engineers,17-2151,17-2151,1,0.22222222,0.22222222,0.11111111,0.11111111,Mining and geological engineers,eisfeldt_genaiexp_total,slug,genaiexp_estz_occscores.csv,,-0.23426728407134403,0.48936170212765956
models,41-9012,41-9012,1,0.14285715,0.14285715,0.0,0.14285715,Models,eisfeldt_genaiexp_total,slug,genaiexp_estz_occscores.csv,,-0.6188083352622702,0.38145896656534956
multimedia-artists-and-animators,27-1014,27-1014,1,0.071428575,0.071428575,0.035714287,0.035714287,Special effects artists and animators,eisfeldt_genaiexp_total,slug,genaiexp_estz_occscores.csv,,-0.9648953394767176,0.21580547112462006
music-directors-and-composers,27-2041,27-2041,1,0.21666667,0.21666667,0.2,0.016666668,Music directors and composers,eisfeldt_genaiexp_total,slug,genaiexp_estz_occscores.csv,,-0.2611851339131415,0.4817629179331307
musicians-and-singers,27-2042,27-2042,1,0.11666667,0.11666667,0.016666668,0.1,Musicians and singers,eisfeldt_genaiexp_total,slug,genaiexp_estz_occscores.csv,,-0.7457069155872788,0.3221884498480243
natural-sciences-managers,11-9121,11-9121,1,0.43073595,0.43073595,0.4025974,0.02813853,Natural sciences managers,eisfeldt_genaiexp_total,slug,genaiexp_estz_occscores.csv,,0.7760271555598558,0.7598784194528876
network-and-computer-systems-administrators,15-1142,15-1142,1,0.52499998,0.52499998,0.47499999,0.050000001,Network and computer systems administrators,eisfeldt_genaiexp_total,slug,genaiexp_estz_occscores.csv,,1.2327569131936993,0.8829787234042553
nuclear-engineers,17-2161,17-2161,1,0.42500001,0.42500001,0.42500001,0.0,Nuclear engineers,eisfeldt_genaiexp_total,slug,genaiexp_estz_occscores.csv,,0.7482352768760964,0.7492401215805471
nuclear-medicine-technologists,29-2033,29-2033,1,0.23529412,0.23529412,0.20588236,0.029411765,Nuclear medicine technologists,eisfeldt_genaiexp_total,slug,genaiexp_estz_occscores.csv,,-0.1709310812926825,0.5045592705167173
nuclear-technicians,19-4051,19-4051,1,0.11340852,0.11340852,0.038220551,0.075187966,Nuclear technicians,eisfeldt_genaiexp_total,slug,genaiexp_estz_occscores.csv,,-0.7614933620168945,0.3191489361702128
nurse-anesthetists-nurse-midwives-and-nurse-practitioners,29-1151 | 29-1161 | 29-1171,29-1151 | 29-1161 | 29-1171,3,0.2464726653333333,0.24647266533333334,0.24647266533333334,0.0,"Nurse anesthetists, nurse midwives, and nurse practitioners",eisfeldt_genaiexp_total,slug,genaiexp_estz_occscores.csv,,-0.11676859427836479,0.513677811550152
nursing-assistants,31-1014 | 31-1015,31-1014 | 31-1015,2,0.0151515155,0.0151515155,0.0151515155,0.0,Nursing assistants and orderlies,eisfeldt_genaiexp_total,slug,genaiexp_estz_occscores.csv,,-1.2375699508399318,0.0668693009118541
occupational-health-and-safety-specialists-and-technicians,29-9011 | 29-9012,29-9011 | 29-9012,2,0.26556778,0.26556778000000003,0.23672162000000002,0.028846154,Occupational health and safety specialists and technicians,eisfeldt_genaiexp_total,slug,genaiexp_estz_occscores.csv,,-0.02424860448271199,0.5379939209726444
occupational-therapists,29-1122,29-1122,1,0.15056023,0.15056023,0.13585435,0.014705882,Occupational therapists,eisfeldt_genaiexp_total,slug,genaiexp_estz_occscores.csv,,-0.5814852348024862,0.3951367781155015
occupational-therapy-assistants-and-aides,31-2011 | 31-2012,31-2011 | 31-2012,2,0.101515155,0.101515155,0.101515155,0.0,Occupational therapy assistants and aides,eisfeldt_genaiexp_total,slug,genaiexp_estz_occscores.csv,,-0.8191193060159029,0.2948328267477204
oil-and-gas-workers,47-5011 | 47-5012 | 47-5013 | 47-5071,47-5011 | 47-5012 | 47-5013 | 47-5071,4,0.02631579,0.02631579,0.01315789475,0.01315789475,Oil and gas workers,eisfeldt_genaiexp_total,slug,genaiexp_estz_occscores.csv,,-1.1834766091215405,0.10182370820668693
operations-research-analysts,15-2031,15-2031,1,0.6875,0.6875,0.65625,0.03125,Operations research analysts,eisfeldt_genaiexp_total,slug,genaiexp_estz_occscores.csv,,2.0201049053185285,0.9696048632218845
opticians-dispensing,29-2081,29-2081,1,0.023809524,0.023809524,0.023809524,0.0,Opticians,eisfeldt_genaiexp_total,slug,genaiexp_estz_occscores.csv,,-1.1956200137982336,0.09270516717325228
optometrists,29-1041,29-1041,1,0.0,0.0,0.0,0.0,Optometrists,eisfeldt_genaiexp_total,slug,genaiexp_estz_occscores.csv,,-1.310982343691165,0.028875379939209727
orthotists-and-prosthetists,29-2091,29-2091,1,0.13333334,0.13333334,0.13333334,0.0,Orthotists and prosthetists,eisfeldt_genaiexp_total,slug,genaiexp_estz_occscores.csv,,-0.6649532691575298,0.36322188449848025
painters-construction-and-maintenance,47-2141,47-2141,1,0.02631579,0.02631579,0.02631579,0.0,"Painters, construction and maintenance",eisfeldt_genaiexp_total,slug,genaiexp_estz_occscores.csv,,-1.1834766091215405,0.10182370820668693
painting-and-coating-workers,51-9121 | 51-9122 | 51-9123,51-9121 | 51-9122 | 51-9123,3,0.0,0.0,0.0,0.0,Painting and coating workers,eisfeldt_genaiexp_total,slug,genaiexp_estz_occscores.csv,,-1.310982343691165,0.028875379939209727
paralegals-and-legal-assistants,23-2011,23-2011,1,0.5,0.5,0.41666666,0.083333336,Paralegals and legal assistants,eisfeldt_genaiexp_total,slug,genaiexp_estz_occscores.csv,,1.1116265646795211,0.8556231003039514
personal-financial-advisors,13-2052,13-2052,1,0.47619048,0.47619048,0.35714287,0.11904762,Personal financial advisors,eisfeldt_genaiexp_total,slug,genaiexp_estz_occscores.csv,,0.9962642541674612,0.8282674772036475
pest-control-workers,37-2021,37-2021,1,0.06666667,0.06666667,0.06666667,0.0,Pest control workers,eisfeldt_genaiexp_total,slug,genaiexp_estz_occscores.csv,,-0.9879678064243475,0.2066869300911854
petroleum-engineers,17-2171,17-2171,1,0.2173913,0.2173913,0.19565217,0.021739131,Petroleum engineers,eisfeldt_genaiexp_total,slug,genaiexp_estz_occscores.csv,,-0.2576741437265962,0.48632218844984804
pharmacists,29-1051,29-1051,1,0.21428572,0.21428572,0.16666667,0.047619049,Pharmacists,eisfeldt_genaiexp_total,slug,genaiexp_estz_occscores.csv,,-0.27272135527391184,0.4756838905775076
pharmacy-technicians,29-2052,29-2052,1,0.35714287,0.35714287,0.2857143,0.071428575,Pharmacy technicians,eisfeldt_genaiexp_total,slug,genaiexp_estz_occscores.csv,,0.4194526531549828,0.6231003039513677
phlebotomists,31-9097,31-9097,1,0.083333336,0.083333336,0.083333336,0.0,Phlebotomists,eisfeldt_genaiexp_total,slug,genaiexp_estz_occscores.csv,,-0.9072141793754698,0.24316109422492402
photographers,27-4021,27-4021,1,0.05172414,0.05172414,0.0,0.05172414,Photographers,eisfeldt_genaiexp_total,slug,genaiexp_estz_occscores.csv,,-1.0603676190075397,0.16109422492401215
physical-therapist-assistants-and-aides,31-2021 | 31-2022,31-2021 | 31-2022,2,0.05263158,0.05263158,0.05263158,0.0,Physical therapist assistants and aides,eisfeldt_genaiexp_total,slug,genaiexp_estz_occscores.csv,,-1.0559708745519159,0.16717325227963525
physical-therapists,29-1123,29-1123,1,0.041666668,0.041666668,0.041666668,0.0,Physical therapists,eisfeldt_genaiexp_total,slug,genaiexp_estz_occscores.csv,,-1.1090982615333174,0.13677811550151975
physician-assistants,29-1071,29-1071,1,0.072916672,0.072916672,0.072916672,0.0,Physician assistants,eisfeldt_genaiexp_total,slug,genaiexp_estz_occscores.csv,,-0.957685185379278,0.2188449848024316
physicians-and-surgeons,29-1061 | 29-1062 | 29-1063 | 29-1064 | 29-1065,29-1061 | 29-1062 | 29-1063 | 29-1064 | 29-1065,8,0.201040608125,0.201040608125,0.172916837,0.028123769125,Physicians and surgeons,eisfeldt_genaiexp_total,slug,genaiexp_estz_occscores.csv,,-0.3368968073153947,0.45896656534954405
physicists-and-astronomers,19-2011 | 19-2012,19-2011 | 19-2012,2,0.5372549,0.5372549,0.39117648000000005,0.14607843,Physicists and astronomers,eisfeldt_genaiexp_total,slug,genaiexp_estz_occscores.csv,,1.2921346699204392,0.8996960486322189
plumbers-pipefitters-and-steamfitters,47-2152,47-2152,1,0.033333335,0.033333335,0.033333335,0.0,"Plumbers, pipefitters, and steamfitters",eisfeldt_genaiexp_total,slug,genaiexp_estz_occscores.csv,,-1.1494750750577563,0.12158054711246201
podiatrists,29-1081,29-1081,1,0.090909094,0.090909094,0.090909094,0.0,Podiatrists,eisfeldt_genaiexp_total,slug,genaiexp_estz_occscores.csv,,-0.8705079817385487,0.2613981762917933
police-and-detectives,33-3021 | 33-3031 | 33-3051 | 33-3052,33-3021 | 33-3031 | 33-3051 | 33-3052,4,0.1597086925,0.1597086925,0.13770743200000002,0.02200126325,Police and detectives,eisfeldt_genaiexp_total,slug,genaiexp_estz_occscores.csv,,-0.5371589413016957,0.4072948328267477
police-fire-and-ambulance-dispatchers,43-5031,43-5031,1,0.30555555,0.30555555,0.30555555,0.0,Public safety telecommunicators,eisfeldt_genaiexp_total,slug,genaiexp_estz_occscores.csv,,0.1695008511730443,0.5729483282674772
political-scientists,19-3094,19-3094,1,0.4642857,0.4642857,0.2857143,0.17857143,Political scientists,eisfeldt_genaiexp_total,slug,genaiexp_estz_occscores.csv,,0.9385830020070749,0.8100303951367781
postal-service-workers,43-5051 | 43-5052 | 43-5053,43-5051 | 43-5052 | 43-5053,3,0.2592309766666666,0.25923097666666667,0.09680842233333332,0.162422548,Postal service workers,eisfeldt_genaiexp_total,slug,genaiexp_estz_occscores.csv,,-0.05495179689456491,0.5319148936170213
postsecondary-education-administrators,11-9033,11-9033,1,0.27586207,0.27586207,0.13793103,0.13793103,Postsecondary education administrators,eisfeldt_genaiexp_total,slug,genaiexp_estz_occscores.csv,,0.02562947283599074,0.5440729483282675
postsecondary-teachers,25-1011 | 25-1021 | 25-1022 | 25-1031 | 25-1032,25-1011 | 25-1021 | 25-1022 | 25-1031 | 25-1032,34,0.3351793558823529,0.3351793558823529,0.2767825326470588,0.05839682444117647,Postsecondary teachers,eisfeldt_genaiexp_total,slug,genaiexp_estz_occscores.csv,,0.3130346432339085,0.5896656534954408
power-plant-operators-distributors-and-dispatchers,51-8011 | 51-8012 | 51-8013,51-8011 | 51-8012 | 51-8013,3,0.1014550309999999,0.10145503099999999,0.08664021433333334,0.014814815333333333,"Power plant operators, distributors, and dispatchers",eisfeldt_genaiexp_total,slug,genaiexp_estz_occscores.csv,,-0.8194106198919171,0.2917933130699088
preschool-and-childcare-center-directors,11-9031,11-9031,1,0.35294119,0.35294119,0.32352942,0.029411765,Preschool and childcare center directors,eisfeldt_genaiexp_total,slug,genaiexp_estz_occscores.csv,,0.39909459835873695,0.6155015197568389
preschool-teachers,25-2011,25-2011,1,0.05882353,0.05882353,0.05882353,0.0,Preschool teachers,eisfeldt_genaiexp_total,slug,genaiexp_estz_occscores.csv,,-1.0259695280915442,0.182370820668693
private-detectives-and-investigators,33-9021,33-9021,1,0.29411766,0.29411766,0.23529412,0.05882353,Private detectives and investigators,eisfeldt_genaiexp_total,slug,genaiexp_estz_occscores.csv,,0.1140817827591163,0.560790273556231
probation-officers-and-correctional-treatment-specialists,21-1092,21-1092,1,0.16666667,0.16666667,0.16666667,0.0,Probation officers and correctional treatment specialists,eisfeldt_genaiexp_total,slug,genaiexp_estz_occscores.csv,,-0.5034460247502102,0.41185410334346506
producers-and-directors,27-2012,27-2012,1,0.24275362,0.24275362,0.16811594,0.074637681,Producers and directors,eisfeldt_genaiexp_total,slug,genaiexp_estz_occscores.csv,,-0.13478817898870019,0.5106382978723404
project-management-specialists,11-9199,11-9199,1,0.42105374,0.42105374,0.39767146,0.023382263,Project management specialists,eisfeldt_genaiexp_total,slug,genaiexp_estz_occscores.csv,,0.7291147391624245,0.7355623100303952
property-real-estate-and-community-association-managers,11-9141,11-9141,1,0.35185185,0.35185185,0.2037037,0.14814815,"Property, real estate, and community association managers",eisfeldt_genaiexp_total,slug,genaiexp_estz_occscores.csv,,0.39381650878224794,0.6109422492401215
psychiatric-technicians-and-aides,29-2053 | 31-1013,29-2053 | 31-1013,2,0.106617648,0.10661764800000001,0.0147058825,0.091911765,Psychiatric technicians and aides,eisfeldt_genaiexp_total,slug,genaiexp_estz_occscores.csv,,-0.7943966160225048,0.303951367781155
psychologists,19-3031 | 19-3032 | 19-3039,19-3031 | 19-3032 | 19-3039,3,0.3686394233333334,0.3686394233333334,0.31694957333333335,0.05168984666666667,Psychologists,eisfeldt_genaiexp_total,slug,genaiexp_estz_occscores.csv,,0.4751559581967671,0.6504559270516718
public-relations-managers,11-2031,11-2031,1,0.38316247,0.38316247,0.38316247,0.0,Public relations and fundraising managers,eisfeldt_genaiexp_total,slug,genaiexp_estz_occscores.csv,,0.5455232826594665,0.6717325227963525
public-relations-specialists,27-3031,27-3031,1,0.69444442,0.69444442,0.6111111,0.083333336,Public relations specialists,eisfeldt_genaiexp_total,slug,genaiexp_estz_occscores.csv,,2.0537521328294632,0.9726443768996961
purchasing-managers-buyers-and-purchasing-agents,11-3061,11-3061,1,0.41666666,0.41666666,0.41666666,0.0,"Purchasing managers, buyers, and purchasing agents",eisfeldt_genaiexp_total,slug,genaiexp_estz_occscores.csv,,0.7078583809829548,0.7203647416413373
quality-control-inspectors,51-9061,51-9061,1,0.5,0.5,0.265625,0.234375,Quality control inspectors,eisfeldt_genaiexp_total,slug,genaiexp_estz_occscores.csv,,1.1116265646795211,0.8556231003039514
radiation-therapists,29-1124,29-1124,1,0.090909094,0.090909094,0.090909094,0.0,Radiation therapists,eisfeldt_genaiexp_total,slug,genaiexp_estz_occscores.csv,,-0.8705079817385487,0.2613981762917933
radiologic-technologists,29-2034 | 29-2035,29-2034 | 29-2035,2,0.1518115965,0.1518115965,0.1518115965,0.0,Radiologic and MRI technologists,eisfeldt_genaiexp_total,slug,genaiexp_estz_occscores.csv,,-0.5754220915414128,0.3981762917933131
railroad-occupations,53-4011 | 53-4012 | 53-4013 | 53-4021 | 53-4031,53-4011 | 53-4012 | 53-4013 | 53-4021 | 53-4031,5,0.1022684019999999,0.10226840199999998,0.07889177680000001,0.023376624199999998,Railroad workers,eisfeldt_genaiexp_total,slug,genaiexp_estz_occscores.csv,,-0.8154696602310965,0.3009118541033435
real-estate-brokers-and-sales-agents,41-9021 | 41-9022,41-9021 | 41-9022,2,0.27551834,0.27551834,0.183014355,0.0925039875,Real estate brokers and sales agents,eisfeldt_genaiexp_total,slug,genaiexp_estz_occscores.csv,,0.023964026115842026,0.541033434650456
receptionists,43-4171,43-4171,1,0.42105263,0.42105263,0.2631579,0.15789473,Receptionists,eisfeldt_genaiexp_total,slug,genaiexp_estz_occscores.csv,,0.7291093609706478,0.7325227963525835
recreation-workers,39-9032,39-9032,1,0.14583333,0.14583333,0.10416666,0.041666668,Recreation workers,eisfeldt_genaiexp_total,slug,genaiexp_estz_occscores.csv,,-0.6043880949004408,0.3905775075987842
recreational-therapists,29-1125,29-1125,1,0.18181819,0.18181819,0.18181819,0.0,Recreational therapists,eisfeldt_genaiexp_total,slug,genaiexp_estz_occscores.csv,,-0.43003361009549695,0.43465045592705165
registered-nurses,29-1141,29-1141,1,0.18319285,0.18319285,0.16097063,0.022222223,Registered nurses,eisfeldt_genaiexp_total,slug,genaiexp_estz_occscores.csv,,-0.42337308297153525,0.4376899696048632
rehabilitation-counselors,21-1015,21-1015,1,0.20588236,0.20588236,0.20588236,0.0,Rehabilitation counselors,eisfeldt_genaiexp_total,slug,genaiexp_estz_occscores.csv,,-0.3134374648664038,0.46200607902735563
reporters-correspondents-and-broadcast-news-analysts,27-3021 | 27-3022,27-3021 | 27-3022,2,0.58333331,0.58333331,0.58333331,0.0,"News analysts, reporters, and journalists",eisfeldt_genaiexp_total,slug,genaiexp_estz_occscores.csv,,1.515394603019553,0.9224924012158054
respiratory-therapists,29-1126,29-1126,1,0.06818182,0.06818182,0.06818182,0.0,Respiratory therapists,eisfeldt_genaiexp_total,slug,genaiexp_estz_occscores.csv,,-0.9806265746493117,0.2127659574468085
retail-sales-workers,41-2022 | 41-2031,41-2022 | 41-2031,2,0.209429825,0.20942982500000001,0.14692982799999998,0.0625,Retail sales workers,eisfeldt_genaiexp_total,slug,genaiexp_estz_occscores.csv,,-0.29624922424413735,0.46808510638297873
roofers,47-2181,47-2181,1,0.017857144,0.017857144,0.017857144,0.0,Roofers,eisfeldt_genaiexp_total,slug,genaiexp_estz_occscores.csv,,-1.2244605914262485,0.08206686930091185
sales-engineers,41-9031,41-9031,1,0.41999999,0.41999999,0.31999999,0.1,Sales engineers,eisfeldt_genaiexp_total,slug,genaiexp_estz_occscores.csv,,0.7240090908880331,0.7264437689969605
sales-managers,11-2022,11-2022,1,0.29411766,0.29411766,0.23529412,0.05882353,Sales managers,eisfeldt_genaiexp_total,slug,genaiexp_estz_occscores.csv,,0.1140817827591163,0.560790273556231
school-and-career-counselors,21-1012,21-1012,1,0.41176471,0.41176471,0.27941176,0.13235295,School and career counselors and advisors,eisfeldt_genaiexp_total,slug,genaiexp_estz_occscores.csv,,0.6841073655061792,0.7082066869300911
secretaries-and-administrative-assistants,43-6011 | 43-6012 | 43-6013 | 43-6014,43-6011 | 43-6012 | 43-6013 | 43-6014,4,0.732802345,0.732802345,0.5087763725,0.2240259775,Secretaries and administrative assistants,eisfeldt_genaiexp_total,slug,genaiexp_estz_occscores.csv,,2.2396046344526925,0.9756838905775076
securities-commodities-and-financial-services-sales-agents,41-3031,41-3031,1,0.53333336,0.53333336,0.44999999,0.083333336,"Securities, commodities, and financial services sales agents",eisfeldt_genaiexp_total,slug,genaiexp_estz_occscores.csv,,1.2731339544433753,0.8966565349544073
security-guards,33-9031 | 33-9032,33-9031 | 33-9032,2,0.089285715,0.089285715,0.071428575,0.0178571435,Security guards and gambling surveillance officers,eisfeldt_genaiexp_total,slug,genaiexp_estz_occscores.csv,,-0.8783736065926726,0.25227963525835867
semiconductor-processing-technicians,51-9141,51-9141,1,0.14583333,0.14583333,0.083333336,0.0625,Semiconductor processing technicians,eisfeldt_genaiexp_total,slug,genaiexp_estz_occscores.csv,,-0.6043880949004408,0.3905775075987842
set-and-exhibit-designers,27-1027,27-1027,1,0.16666667,0.16666667,0.11111111,0.055555556,Set and exhibit designers,eisfeldt_genaiexp_total,slug,genaiexp_estz_occscores.csv,,-0.5034460247502102,0.41185410334346506
sheet-metal-workers,47-2211,47-2211,1,0.0625,0.0625,0.020833334,0.041666668,Sheet metal workers,eisfeldt_genaiexp_total,slug,genaiexp_estz_occscores.csv,,-1.008156230144829,0.1899696048632219
skincare-specialists,39-5094,39-5094,1,0.11111111,0.11111111,0.11111111,0.0,Skincare specialists,eisfeldt_genaiexp_total,slug,genaiexp_estz_occscores.csv,,-0.7726248138812544,0.3130699088145897
small-engine-mechanics,49-3051 | 49-3052 | 49-3053,49-3051 | 49-3052 | 49-3053,3,0.0119047623333333,0.011904762333333332,0.011904762333333332,0.0,Small engine mechanics,eisfeldt_genaiexp_total,slug,genaiexp_estz_occscores.csv,,-1.2533011771296267,0.060790273556231005
social-and-community-service-managers,11-9151,11-9151,1,0.375,0.375,0.25,0.125,Social and community service managers,eisfeldt_genaiexp_total,slug,genaiexp_estz_occscores.csv,,0.5059743375868496,0.6610942249240122
social-and-human-service-assistants,21-1093,21-1093,1,0.25,0.25,0.15000001,0.1,Social and human service assistants,eisfeldt_genaiexp_total,slug,genaiexp_estz_occscores.csv,,-0.09967788950582186,0.5197568389057751
social-workers,21-1021 | 21-1022 | 21-1023,21-1021 | 21-1022 | 21-1023,3,0.19571775,0.19571775,0.14243557333333334,0.05328218166666667,Social workers,eisfeldt_genaiexp_total,slug,genaiexp_estz_occscores.csv,,-0.3626872143386312,0.44984802431610943
sociologists,19-3041,19-3041,1,0.42307693,0.42307693,0.42307693,0.0,Sociologists,eisfeldt_genaiexp_total,slug,genaiexp_estz_occscores.csv,,0.7389175353970775,0.743161094224924
software-developers,15-1132 | 15-1133,15-1132 | 15-1133,2,0.59291565,0.59291565,0.59291565,0.0,"Software developers, quality assurance analysts, and testers",eisfeldt_genaiexp_total,slug,genaiexp_estz_occscores.csv,,1.5618231275136267,0.9300911854103343
solar-photovoltaic-installers,47-2231,47-2231,1,0.03846154,0.03846154,0.03846154,0.0,Solar photovoltaic installers,eisfeldt_genaiexp_total,slug,genaiexp_estz_occscores.csv,,-1.1246278048238538,0.13221884498480244
special-education-teachers,25-2051 | 25-2053 | 25-2054 | 25-2059,25-2051 | 25-2053 | 25-2054 | 25-2059,4,0.1704861174999999,0.17048611749999998,0.167361115,0.003125,Special education teachers,eisfeldt_genaiexp_total,slug,genaiexp_estz_occscores.csv,,-0.4849399696731024,0.41641337386018235
speech-language-pathologists,29-1127,29-1127,1,0.29166666,0.29166666,0.25,0.041666668,Speech-language pathologists,eisfeldt_genaiexp_total,slug,genaiexp_estz_occscores.csv,,0.1022061538902833,0.5562310030395137
stationary-engineers-and-boiler-operators,51-8021,51-8021,1,0.079999998,0.079999998,0.079999998,0.0,Stationary engineers and boiler operators,eisfeldt_genaiexp_total,slug,genaiexp_estz_occscores.csv,,-0.9233649280422906,0.23708206686930092
structural-iron-and-steel-workers,47-2171 | 47-2221,47-2171 | 47-2221,2,0.0,0.0,0.0,0.0,Ironworkers,eisfeldt_genaiexp_total,slug,genaiexp_estz_occscores.csv,,-1.310982343691165,0.028875379939209727
surgical-technologists,29-2055,29-2055,1,0.09375,0.09375,0.03125,0.0625,Surgical assistants and technologists,eisfeldt_genaiexp_total,slug,genaiexp_estz_occscores.csv,,-0.8567431733716613,0.270516717325228
survey-researchers,19-3022,19-3022,1,0.5625,0.5625,0.5625,0.0,Survey researchers,eisfeldt_genaiexp_total,slug,genaiexp_estz_occscores.csv,,1.4144526782258569,0.9088145896656535
surveying-and-mapping-technicians,17-3031,17-3031,1,0.25,0.25,0.21666667,0.033333335,Surveying and mapping technicians,eisfeldt_genaiexp_total,slug,genaiexp_estz_occscores.csv,,-0.09967788950582186,0.5197568389057751
surveyors,17-1022,17-1022,1,0.25520831,0.25520831,0.234375,0.020833334,Surveyors,eisfeldt_genaiexp_total,slug,genaiexp_estz_occscores.csv,,-0.07444249309870964,0.5288753799392097
tax-examiners-and-collectors-and-revenue-agents,13-2081,13-2081,1,0.44,0.44,0.18000001,0.25999999,"Tax examiners and collectors, and revenue agents",eisfeldt_genaiexp_total,slug,genaiexp_estz_occscores.csv,,0.8209134956750388,0.7811550151975684
taxi-drivers-and-chauffeurs,53-3022 | 53-3041,53-3022 | 53-3041,2,0.1182496379999999,0.11824963799999999,0.11824963799999999,0.0,"Taxi drivers, shuttle drivers, and chauffeurs",eisfeldt_genaiexp_total,slug,genaiexp_estz_occscores.csv,,-0.7380370908303479,0.3252279635258359
technical-writers,27-3042,27-3042,1,0.63333333,0.63333333,0.63333333,0.0,Technical writers,eisfeldt_genaiexp_total,slug,genaiexp_estz_occscores.csv,,1.757655590760978,0.9544072948328267
telecommunications-equipment-installers-and-repairers-except-line-installers,49-2021 | 49-2022 | 49-9052,49-2021 | 49-2022 | 49-9052,3,0.1,0.10000000000000002,0.05694444499999999,0.043055555999999995,Telecommunications technicians,eisfeldt_genaiexp_total,slug,genaiexp_estz_occscores.csv,,-0.8264605620170277,0.2811550151975684
tellers,43-3071,43-3071,1,0.37931034,0.37931034,0.22413793,0.15517241,Tellers,eisfeldt_genaiexp_total,slug,genaiexp_estz_occscores.csv,,0.5268588737510628,0.668693009118541
tile-and-marble-setters,47-2041 | 47-2042 | 47-2043 | 47-2044,47-2041 | 47-2042 | 47-2043 | 47-2044,4,0.0,0.0,0.0,0.0,Flooring installers and tile and stone setters,eisfeldt_genaiexp_total,slug,genaiexp_estz_occscores.csv,,-1.310982343691165,0.028875379939209727
top-executives,11-1011 | 11-1021,11-1011 | 11-1021,2,0.38675417,0.38675417,0.27029306,0.1164611005,Top executives,eisfeldt_genaiexp_total,slug,genaiexp_estz_occscores.csv,,0.5629258514918566,0.6838905775075987
training-and-development-managers,11-3131,11-3131,1,0.5,0.5,0.41666666,0.083333336,Training and development managers,eisfeldt_genaiexp_total,slug,genaiexp_estz_occscores.csv,,1.1116265646795211,0.8556231003039514
training-and-development-specialists,13-1151,13-1151,1,0.47499999,0.47499999,0.44999999,0.025,Training and development specialists,eisfeldt_genaiexp_total,slug,genaiexp_estz_occscores.csv,,0.9904960708088086,0.8237082066869301
transportation-storage-and-distribution-managers,11-3071,11-3071,1,0.42500001,0.42500001,0.39166665,0.033333335,"Transportation, storage, and distribution managers",eisfeldt_genaiexp_total,slug,genaiexp_estz_occscores.csv,,0.7482352768760964,0.7492401215805471
travel-agents,41-3041,41-3041,1,0.625,0.625,0.625,0.0,Travel agents,eisfeldt_genaiexp_total,slug,genaiexp_estz_occscores.csv,,1.7172787917721926,0.9513677811550152
umpires-referees-and-other-sports-officials,27-2023,27-2023,1,0.03125,0.03125,0.0,0.03125,"Umpires, referees, and other sports officials",eisfeldt_genaiexp_total,slug,genaiexp_estz_occscores.csv,,-1.159569286917997,0.11550151975683891
urban-and-regional-planners,19-3051,19-3051,1,0.54000002,0.54000002,0.54000002,0.0,Urban and regional planners,eisfeldt_genaiexp_total,slug,genaiexp_estz_occscores.csv,,1.3054353742535325,0.9027355623100304
veterinarians,29-1131,29-1131,1,0.13043478,0.13043478,0.10869565,0.021739131,Veterinarians,eisfeldt_genaiexp_total,slug,genaiexp_estz_occscores.csv,,-0.6789974237124237,0.3541033434650456
veterinary-assistants-and-laboratory-animal-caretakers,31-9096,31-9096,1,0.14285715,0.14285715,0.14285715,0.0,Veterinary assistants and laboratory animal caretakers,eisfeldt_genaiexp_total,slug,genaiexp_estz_occscores.csv,,-0.6188083352622702,0.38145896656534956
veterinary-technologists-and-technicians,29-2056,29-2056,1,0.11290322,0.11290322,0.11290322,0.0,Veterinary technologists and technicians,eisfeldt_genaiexp_total,slug,genaiexp_estz_occscores.csv,,-0.7639416505796941,0.3161094224924012
waiters-and-waitresses,35-3031,35-3031,1,0.14,0.14,0.14,0.0,Waiters and waitresses,eisfeldt_genaiexp_total,slug,genaiexp_estz_occscores.csv,,-0.6326518493473727,0.3708206686930091
water-and-wastewater-treatment-plant-and-system-operators,51-8031,51-8031,1,0.125,0.125,0.125,0.0,Water and wastewater treatment plant and system operators,eisfeldt_genaiexp_total,slug,genaiexp_estz_occscores.csv,,-0.7053301165984933,0.3434650455927052
water-transportation-occupations,53-5011 | 53-5021 | 53-5022 | 53-5031,53-5011 | 53-5021 | 53-5022 | 53-5031,4,0.10108543675,0.10108543675000001,0.092156865,0.00892857175,Water transportation workers,eisfeldt_genaiexp_total,slug,genaiexp_estz_occscores.csv,,-0.8212013845369819,0.2887537993920973
web-developers,15-1134,15-1134,1,0.67370069,0.67370069,0.64475054,0.028950112,Web developers and digital designers,eisfeldt_genaiexp_total,slug,genaiexp_estz_occscores.csv,,1.953244242647791,0.9665653495440729
welders-cutters-solderers-and-brazers,51-4121,51-4121,1,0.016666668,0.016666668,0.016666668,0.0,"Welders, cutters, solderers, and brazers",eisfeldt_genaiexp_total,slug,genaiexp_estz_occscores.csv,,-1.2302287069518516,0.06990881458966565
wholesale-and-manufacturing-sales-representatives,41-4011 | 41-4012,41-4011 | 41-4012,2,0.5050748,0.5050748,0.36435841,0.14071637199999998,Wholesale and manufacturing sales representatives,eisfeldt_genaiexp_total,slug,genaiexp_estz_occscores.csv,,1.1362150760559204,0.8662613981762918
wind-turbine-technicians,49-9081,49-9081,1,0.03846154,0.03846154,0.03846154,0.0,Wind turbine technicians,eisfeldt_genaiexp_total,slug,genaiexp_estz_occscores.csv,,-1.1246278048238538,0.13221884498480244
woodworkers,51-7011 | 51-7021 | 51-7041 | 51-7042,51-7011 | 51-7021 | 51-7041 | 51-7042,4,0.0629807699999999,0.06298076999999999,0.03317307775,0.029807692500000003,Woodworkers,eisfeldt_genaiexp_total,slug,genaiexp_estz_occscores.csv,,-1.0058267947750748,0.1945288753799392
writers-and-authors,27-3043,27-3043,1,0.74687499,0.74687499,0.61562502,0.13124999,Writers and authors,eisfeldt_genaiexp_total,slug,genaiexp_estz_occscores.csv,,2.307789664735369,0.9817629179331308
zoologists-and-wildlife-biologists,19-1023,19-1023,1,0.2857143,0.2857143,0.25,0.035714287,Zoologists and wildlife biologists,eisfeldt_genaiexp_total,slug,genaiexp_estz_occscores.csv,,0.0733656731666244,0.5501519756838906
