comparison_key,raw_code_examples,raw_title_examples,source_row_count,metric_value,comparison_title,metric_name,comparison_level,source_file,sheet_name,metric_zscore,metric_percentile
accountants-and-auditors,13-2011,Accountants and Auditors,1,1.481956,Accountants and auditors,felten_base_aioe,slug,AIOE_DataAppendix.xlsx,Appendix A,1.2870982920297882,0.9878419452887538
actors,27-2011,Actors,1,0.1590935,Actors,felten_base_aioe,slug,AIOE_DataAppendix.xlsx,Appendix A,-0.12834743868133341,0.4376899696048632
actuaries,15-2011,Actuaries,1,1.516474,Actuaries,felten_base_aioe,slug,AIOE_DataAppendix.xlsx,Appendix A,1.3240321046767463,0.993920972644377
administrative-services-managers,11-3011,Administrative Services Managers,1,0.7398278,Administrative services and facilities managers,felten_base_aioe,slug,AIOE_DataAppendix.xlsx,Appendix A,0.493030736006143,0.5835866261398176
adult-literacy-and-ged-teachers,25-3011,"Adult Literacy, Remedial Education, and GED Teachers and Instructors",1,1.348951,Adult basic and secondary education and ESL teachers,felten_base_aioe,slug,AIOE_DataAppendix.xlsx,Appendix A,1.144784665773671,0.9027355623100304
advertising-promotions-and-marketing-managers,11-2011 | 11-2021,Advertising and Promotions Managers | Marketing Managers,2,1.3047095,"Advertising, promotions, and marketing managers",felten_base_aioe,slug,AIOE_DataAppendix.xlsx,Appendix A,1.097446834143206,0.8662613981762918
advertising-sales-agents,41-3011,Advertising Sales Agents,1,1.162588,Advertising sales agents,felten_base_aioe,slug,AIOE_DataAppendix.xlsx,Appendix A,0.9453786710368659,0.7720364741641338
aerospace-engineering-and-operations-technicians,17-3021,Aerospace Engineering and Operations Technicians,1,0.3909402,Aerospace engineering and operations technologists and technicians,felten_base_aioe,slug,AIOE_DataAppendix.xlsx,Appendix A,0.11972552558703328,0.48936170212765956
aerospace-engineers,17-2011,Aerospace Engineers,1,1.338738,Aerospace engineers,felten_base_aioe,slug,AIOE_DataAppendix.xlsx,Appendix A,1.1338568881340805,0.8844984802431611
agricultural-and-food-science-technicians,19-4011,Agricultural and Food Science Technicians,1,0.095719,Agricultural and food science technicians,felten_base_aioe,slug,AIOE_DataAppendix.xlsx,Appendix A,-0.1961573323482504,0.4133738601823708
agricultural-and-food-scientists,19-1011 | 19-1012 | 19-1013,Animal Scientists | Food Scientists and Technologists | Soil and Plant Scientists,3,0.8225950333333333,Agricultural and food scientists,felten_base_aioe,slug,AIOE_DataAppendix.xlsx,Appendix A,0.5815906030100363,0.601823708206687
agricultural-engineers,17-2021,Agricultural Engineers,1,0.9409636,Agricultural engineers,felten_base_aioe,slug,AIOE_DataAppendix.xlsx,Appendix A,0.708243435287562,0.6534954407294833
agricultural-workers,45-2021 | 45-2091 | 45-2092 | 45-2093,"Animal Breeders | Agricultural Equipment Operators | Farmworkers and Laborers, Crop, Nursery, and Greenhouse | Farmworkers, Farm and Ranch Animals",4,-1.22480725,Agricultural workers,felten_base_aioe,slug,AIOE_DataAppendix.xlsx,Appendix A,-1.609103305837156,0.06990881458966565
air-traffic-controllers,53-2021,Air Traffic Controllers,1,1.152798,Air traffic controllers,felten_base_aioe,slug,AIOE_DataAppendix.xlsx,Appendix A,0.9349034979151984,0.7629179331306991
aircraft-and-avionics-equipment-mechanics-and-technicians,49-2091 | 49-3011,Avionics Technicians | Aircraft Mechanics and Service Technicians,2,-0.4139866,Aircraft and avionics equipment mechanics and technicians,felten_base_aioe,slug,AIOE_DataAppendix.xlsx,Appendix A,-0.7415357185671889,0.25835866261398177
airline-and-commercial-pilots,53-2011 | 53-2012,"Airline Pilots, Copilots, and Flight Engineers | Commercial Pilots",2,-0.1943979,Airline and commercial pilots,felten_base_aioe,slug,AIOE_DataAppendix.xlsx,Appendix A,-0.5065786554352268,0.3161094224924012
animal-care-and-service-workers,39-2011 | 39-2021,Animal Trainers | Nonfarm Animal Caretakers,2,-0.90290835,Animal care and service workers,felten_base_aioe,slug,AIOE_DataAppendix.xlsx,Appendix A,-1.2646756546446802,0.1519756838905775
announcers,27-3011,Radio and Television Announcers,1,0.8493547,Announcers and DJs,felten_base_aioe,slug,AIOE_DataAppendix.xlsx,Appendix A,0.6102230995382742,0.6139817629179332
anthropologists-and-archeologists,19-3091,Anthropologists and Archeologists,1,0.6965665,Anthropologists and archeologists,felten_base_aioe,slug,AIOE_DataAppendix.xlsx,Appendix A,0.44674170567229265,0.5653495440729484
arbitrators-mediators-and-conciliators,23-1022,"Arbitrators, Mediators, and Conciliators",1,1.431593,"Arbitrators, mediators, and conciliators",felten_base_aioe,slug,AIOE_DataAppendix.xlsx,Appendix A,1.2332105347339208,0.9635258358662614
architects,17-1011,"Architects, Except Landscape and Naval",1,1.047142,Architects,felten_base_aioe,slug,AIOE_DataAppendix.xlsx,Appendix A,0.8218529472162299,0.7173252279635258
architectural-and-engineering-managers,11-9041,Engineering Managers,1,0.8370105,Architectural and engineering managers,felten_base_aioe,slug,AIOE_DataAppendix.xlsx,Appendix A,0.5970149655190211,0.60790273556231
art-directors,27-1011,Art Directors,1,1.02251,Art directors,felten_base_aioe,slug,AIOE_DataAppendix.xlsx,Appendix A,0.7954970264467801,0.6990881458966566
assemblers-and-fabricators,51-2011 | 51-2021 | 51-2031 | 51-2041 | 51-2091,"Aircraft Structure, Surfaces, Rigging, and Systems Assemblers | Coil Winders, Tapers, and Finishers | Engine and Other Machine Assemblers | Structural Metal Fabricators and Fitters | Fiberglass Laminators and Fabricators",6,-0.8669483666666666,Assemblers and fabricators,felten_base_aioe,slug,AIOE_DataAppendix.xlsx,Appendix A,-1.2261989385191496,0.15501519756838905
athletes-and-sports-competitors,27-2021,Athletes and Sports Competitors,1,-1.814336,Athletes and sports competitors,felten_base_aioe,slug,AIOE_DataAppendix.xlsx,Appendix A,-2.239891428048621,0.0121580547112462
athletic-trainers,29-9091,Athletic Trainers,1,-0.3311363,Athletic trainers,felten_base_aioe,slug,AIOE_DataAppendix.xlsx,Appendix A,-0.6528869713065057,0.2796352583586626
atmospheric-scientists-including-meteorologists,19-2021,Atmospheric and Space Scientists,1,1.373917,"Atmospheric scientists, including meteorologists",felten_base_aioe,slug,AIOE_DataAppendix.xlsx,Appendix A,1.1714979622144832,0.9209726443768997
audiologists,29-1181,Audiologists,1,0.6329063,Audiologists,felten_base_aioe,slug,AIOE_DataAppendix.xlsx,Appendix A,0.37862611670804575,0.5531914893617021
automotive-body-and-glass-repairers,49-3021 | 49-3022,Automotive Body and Related Repairers | Automotive Glass Installers and Repairers,2,-1.191437,Automotive body and glass repairers,felten_base_aioe,slug,AIOE_DataAppendix.xlsx,Appendix A,-1.573397570815366,0.0790273556231003
automotive-service-technicians-and-mechanics,49-3023,Automotive Service Technicians and Mechanics,1,-0.9547055,Automotive service technicians and mechanics,felten_base_aioe,slug,AIOE_DataAppendix.xlsx,Appendix A,-1.3200979338539736,0.1337386018237082
bakers,51-3011,Bakers,1,-0.3852989,Bakers,felten_base_aioe,slug,AIOE_DataAppendix.xlsx,Appendix A,-0.7108402513595833,0.2613981762917933
barbers-hairstylists-and-cosmetologists,39-5011 | 39-5012,"Barbers | Hairdressers, Hairstylists, and Cosmetologists",2,-0.7059569,"Barbers, hairstylists, and cosmetologists",felten_base_aioe,slug,AIOE_DataAppendix.xlsx,Appendix A,-1.0539401556341141,0.19756838905775076
bartenders,35-3011,Bartenders,1,-0.6159883,Bartenders,felten_base_aioe,slug,AIOE_DataAppendix.xlsx,Appendix A,-0.9576749196265498,0.22188449848024316
bill-and-account-collectors,43-3011,Bill and Account Collectors,1,1.271991,Bill and account collectors,felten_base_aioe,slug,AIOE_DataAppendix.xlsx,Appendix A,1.0624384631747406,0.8267477203647416
biochemists-and-biophysicists,19-1021,Biochemists and Biophysicists,1,0.9060509,Biochemists and biophysicists,felten_base_aioe,slug,AIOE_DataAppendix.xlsx,Appendix A,0.6708872987559131,0.6413373860182371
biological-technicians,19-4021,Biological Technicians,1,0.3012355,Biological technicians,felten_base_aioe,slug,AIOE_DataAppendix.xlsx,Appendix A,0.023742659159326704,0.46808510638297873
biomedical-engineers,17-2031,Biomedical Engineers,1,0.9874239,Bioengineers and biomedical engineers,felten_base_aioe,slug,AIOE_DataAppendix.xlsx,Appendix A,0.7579553541623942,0.6747720364741642
boilermakers,47-2011,Boilermakers,1,-1.097532,Boilermakers,felten_base_aioe,slug,AIOE_DataAppendix.xlsx,Appendix A,-1.4729204378235183,0.1033434650455927
bookkeeping-accounting-and-auditing-clerks,43-3031,"Bookkeeping, Accounting, and Auditing Clerks",1,1.039749,"Bookkeeping, accounting, and auditing clerks",felten_base_aioe,slug,AIOE_DataAppendix.xlsx,Appendix A,0.813942533029459,0.7142857142857143
brickmasons-blockmasons-and-stonemasons,47-2021 | 47-2022 | 47-2051 | 47-2053,Brickmasons and Blockmasons | Stonemasons | Cement Masons and Concrete Finishers | Terrazzo Workers and Finishers,4,-1.75564275,Masonry workers,felten_base_aioe,slug,AIOE_DataAppendix.xlsx,Appendix A,-2.177090411212736,0.015197568389057751
broadcast-and-sound-engineering-technicians,27-4011 | 27-4012 | 27-4014,Audio and Video Equipment Technicians | Broadcast Technicians | Sound Engineering Technicians,3,0.1939988,"Broadcast, sound, and video technicians",felten_base_aioe,slug,AIOE_DataAppendix.xlsx,Appendix A,-0.09099922005378072,0.44680851063829785
budget-analysts,13-2031,Budget Analysts,1,1.502988,Budget analysts,felten_base_aioe,slug,AIOE_DataAppendix.xlsx,Appendix A,1.3096022594552132,0.9908814589665653
bus-drivers,53-3021,"Bus Drivers, Transit and Intercity",1,-0.605453,Bus drivers,felten_base_aioe,slug,AIOE_DataAppendix.xlsx,Appendix A,-0.9464022851639653,0.22492401215805471
butchers-and-meat-cutters,51-3021,Butchers and Meat Cutters,1,-0.9709924,Butchers,felten_base_aioe,slug,AIOE_DataAppendix.xlsx,Appendix A,-1.3375247057758617,0.13069908814589665
cardiovascular-technologists-and-technicians,29-2031,Cardiovascular Technologists and Technicians,1,-0.0909526,Cardiovascular technologists and technicians,felten_base_aioe,slug,AIOE_DataAppendix.xlsx,Appendix A,-0.39589352508560155,0.3434650455927052
career-and-technical-education-teachers,25-1194 | 25-2023 | 25-2032,"Vocational Education Teachers, Postsecondary | Vocational Education Teachers, Middle School | Vocational Education Teachers, Secondary School",3,0.3518627,Career and technical education teachers,felten_base_aioe,slug,AIOE_DataAppendix.xlsx,Appendix A,0.07791310703116378,0.48328267477203646
carpenters,47-2031,Carpenters,1,-1.323631,Carpenters,felten_base_aioe,slug,AIOE_DataAppendix.xlsx,Appendix A,-1.7148434375820374,0.0547112462006079
cartographers-and-photogrammetrists,17-1021,Cartographers and Photogrammetrists,1,0.8169979,Cartographers and photogrammetrists,felten_base_aioe,slug,AIOE_DataAppendix.xlsx,Appendix A,0.575601742882179,0.5987841945288754
cashiers,41-2011,Cashiers,1,-0.2480887,Cashiers,felten_base_aioe,slug,AIOE_DataAppendix.xlsx,Appendix A,-0.564027115602829,0.3069908814589666
chefs-and-head-cooks,35-1011,Chefs and Head Cooks,1,-0.2676433,Chefs and head cooks,felten_base_aioe,slug,AIOE_DataAppendix.xlsx,Appendix A,-0.5849502841753479,0.2978723404255319
chemical-engineers,17-2041,Chemical Engineers,1,1.341336,Chemical engineers,felten_base_aioe,slug,AIOE_DataAppendix.xlsx,Appendix A,1.1366367144640186,0.8905775075987842
chemical-technicians,19-4031,Chemical Technicians,1,0.0628057,Chemical technicians,felten_base_aioe,slug,AIOE_DataAppendix.xlsx,Appendix A,-0.23137413679210933,0.3951367781155015
chemists-and-materials-scientists,19-2031 | 19-2032,Chemists | Materials Scientists,2,0.76694105,Chemists and materials scientists,felten_base_aioe,slug,AIOE_DataAppendix.xlsx,Appendix A,0.52204156211861,0.5927051671732523
childcare-workers,39-9011,Child Care Workers,1,-0.3834794,Childcare workers,felten_base_aioe,slug,AIOE_DataAppendix.xlsx,Appendix A,-0.7088934099402906,0.26443768996960487
chiropractors,29-1011,Chiropractors,1,-0.1911757,Chiropractors,felten_base_aioe,slug,AIOE_DataAppendix.xlsx,Appendix A,-0.5031309431949166,0.3191489361702128
civil-engineering-technicians,17-3022,Civil Engineering Technicians,1,0.9323219,Civil engineering technologists and technicians,felten_base_aioe,slug,AIOE_DataAppendix.xlsx,Appendix A,0.6989969282839342,0.6474164133738601
civil-engineers,17-2051,Civil Engineers,1,1.282867,Civil engineers,felten_base_aioe,slug,AIOE_DataAppendix.xlsx,Appendix A,1.0740756422218554,0.8328267477203647
claims-adjusters-appraisers-examiners-and-investigators,13-1031 | 13-1032,"Claims Adjusters, Examiners, and Investigators | Insurance Appraisers, Auto Damage",2,0.96875975,"Claims adjusters, appraisers, examiners, and investigators",felten_base_aioe,slug,AIOE_DataAppendix.xlsx,Appendix A,0.7379849555496495,0.668693009118541
coaches-and-scouts,27-2022,Coaches and Scouts,1,0.1168668,Coaches and scouts,felten_base_aioe,slug,AIOE_DataAppendix.xlsx,Appendix A,-0.17352946042359257,0.425531914893617
community-health-workers,21-1094,Community Health Workers,1,0.0371229,Community health workers,felten_base_aioe,slug,AIOE_DataAppendix.xlsx,Appendix A,-0.2588543999431984,0.3890577507598784
compensation-and-benefits-managers,11-3111,Compensation and Benefits Managers,1,1.298235,Compensation and benefits managers,felten_base_aioe,slug,AIOE_DataAppendix.xlsx,Appendix A,1.0905192030526814,0.8571428571428571
compensation-benefits-and-job-analysis-specialists,13-1141,"Compensation, Benefits, and Job Analysis Specialists",1,1.440985,"Compensation, benefits, and job analysis specialists",felten_base_aioe,slug,AIOE_DataAppendix.xlsx,Appendix A,1.2432598530136656,0.9787234042553191
compliance-officers,13-1041,"Compliance Officers, Except Agriculture, Construction, Health and Safety, and Transportation",1,0.6981205,Compliance officers,felten_base_aioe,slug,AIOE_DataAppendix.xlsx,Appendix A,0.44840446553246344,0.5683890577507599
computer-and-information-research-scientists,15-1111,Computer and Information Research Scientists,1,1.154269,Computer and information research scientists,felten_base_aioe,slug,AIOE_DataAppendix.xlsx,Appendix A,0.9364774488510486,0.7659574468085106
computer-and-information-systems-managers,11-3021,Computer and Information Systems Managers,1,1.059853,Computer and information systems managers,felten_base_aioe,slug,AIOE_DataAppendix.xlsx,Appendix A,0.8354535524817576,0.723404255319149
computer-hardware-engineers,17-2061,Computer Hardware Engineers,1,1.141812,Computer hardware engineers,felten_base_aioe,slug,AIOE_DataAppendix.xlsx,Appendix A,0.9231486202936827,0.7537993920972644
computer-network-architects,15-1143,Computer Network Architects,1,0.5803306,Computer network architects,felten_base_aioe,slug,AIOE_DataAppendix.xlsx,Appendix A,0.3223707990887552,0.5349544072948328
computer-programmers,15-1131,Computer Programmers,1,1.271506,Computer programmers,felten_base_aioe,slug,AIOE_DataAppendix.xlsx,Appendix A,1.061919519460337,0.8237082066869301
computer-support-specialists,15-1151 | 15-1152,Computer User Support Specialists | Computer Network Support Specialists,2,0.5427018,Computer support specialists,felten_base_aioe,slug,AIOE_DataAppendix.xlsx,Appendix A,0.2821084707577437,0.5227963525835866
computer-systems-analysts,15-1121,Computer Systems Analysts,1,1.19815,Computer systems analysts,felten_base_aioe,slug,AIOE_DataAppendix.xlsx,Appendix A,0.9834295501535912,0.78419452887538
concierges,39-6012,Concierges,1,0.855832,Concierges,felten_base_aioe,slug,AIOE_DataAppendix.xlsx,Appendix A,0.617153726592511,0.6170212765957447
conservation-scientists,19-1031 | 19-1032,Conservation Scientists | Foresters,2,-0.0576748499999999,Conservation scientists and foresters,felten_base_aioe,slug,AIOE_DataAppendix.xlsx,Appendix A,-0.36028676386501196,0.3556231003039514
construction-and-building-inspectors,47-4011,Construction and Building Inspectors,1,0.2860245,Construction and building inspectors,felten_base_aioe,slug,AIOE_DataAppendix.xlsx,Appendix A,0.007467086293781847,0.46504559270516715
construction-equipment-operators,47-2071 | 47-2072 | 47-2073,"Paving, Surfacing, and Tamping Equipment Operators | Pile-Driver Operators | Operating Engineers and Other Construction Equipment Operators",3,-1.0954186,Construction equipment operators,felten_base_aioe,slug,AIOE_DataAppendix.xlsx,Appendix A,-1.4706591272131677,0.10638297872340426
construction-laborers-and-helpers,47-2061 | 47-3011 | 47-3012 | 47-3013 | 47-3014,"Construction Laborers | Helpers--Brickmasons, Blockmasons, Stonemasons, and Tile and Marble Setters | Helpers--Carpenters | Helpers--Electricians | Helpers--Painters, Paperhangers, Plasterers, and Stucco Masons",7,-1.7313417142857144,Construction laborers and helpers,felten_base_aioe,slug,AIOE_DataAppendix.xlsx,Appendix A,-2.1510886179397057,0.02127659574468085
construction-managers,11-9021,Construction Managers,1,1.029139,Construction managers,felten_base_aioe,slug,AIOE_DataAppendix.xlsx,Appendix A,0.8025899705349858,0.7021276595744681
cooks,35-2011 | 35-2012 | 35-2013 | 35-2014 | 35-2015,"Cooks, Fast Food | Cooks, Institution and Cafeteria | Cooks, Private Household | Cooks, Restaurant | Cooks, Short Order",5,-0.6942435,Cooks,felten_base_aioe,slug,AIOE_DataAppendix.xlsx,Appendix A,-1.0414069694396975,0.2066869300911854
correctional-officers,33-3011 | 33-3012,Bailiffs | Correctional Officers and Jailers,2,-0.6989274,Correctional officers and bailiffs,felten_base_aioe,slug,AIOE_DataAppendix.xlsx,Appendix A,-1.0464186817363856,0.20364741641337386
cost-estimators,13-1051,Cost Estimators,1,1.367669,Cost estimators,felten_base_aioe,slug,AIOE_DataAppendix.xlsx,Appendix A,1.1648126831885202,0.9179331306990881
court-reporters,23-2091,Court Reporters,1,0.835246,Court reporters and simultaneous captioners,felten_base_aioe,slug,AIOE_DataAppendix.xlsx,Appendix A,0.595126973386929,0.6048632218844985
craft-and-fine-artists,27-1012 | 27-1013,"Craft Artists | Fine Artists, Including Painters, Sculptors, and Illustrators",2,-0.7492891,Craft and fine artists,felten_base_aioe,slug,AIOE_DataAppendix.xlsx,Appendix A,-1.100305048049101,0.182370820668693
credit-counselors,13-2071,Loan Counselors,1,1.385381,Credit counselors,felten_base_aioe,slug,AIOE_DataAppendix.xlsx,Appendix A,1.1837642936411221,0.9270516717325228
curators-museum-technicians-and-conservators,25-4011 | 25-4012 | 25-4013,Archivists | Curators | Museum Technicians and Conservators,3,0.4406717666666666,"Archivists, curators, and museum workers",felten_base_aioe,slug,AIOE_DataAppendix.xlsx,Appendix A,0.17293765739960543,0.49544072948328266
customer-service-representatives,43-4051,Customer Service Representatives,1,0.9562519,Customer service representatives,felten_base_aioe,slug,AIOE_DataAppendix.xlsx,Appendix A,0.7246017181512993,0.662613981762918
dancers-and-choreographers,27-2031 | 27-2032,Dancers | Choreographers,2,-2.1227635,Dancers and choreographers,felten_base_aioe,slug,AIOE_DataAppendix.xlsx,Appendix A,-2.5699048558303477,0.00303951367781155
database-administrators,15-1141,Database Administrators,1,1.284863,Database administrators and architects,felten_base_aioe,slug,AIOE_DataAppendix.xlsx,Appendix A,1.0762113363537091,0.8389057750759878
delivery-truck-drivers-and-driver-sales-workers,53-3031 | 53-3033,"Driver/Sales Workers | Truck Drivers, Light or Delivery Services",2,-0.92490485,Delivery truck drivers and driver/sales workers,felten_base_aioe,slug,AIOE_DataAppendix.xlsx,Appendix A,-1.2882116245701918,0.1458966565349544
dental-and-ophthalmic-laboratory-technicians-and-medical-appliance-technicians,51-9081 | 51-9082 | 51-9083,Dental Laboratory Technicians | Medical Appliance Technicians | Ophthalmic Laboratory Technicians,3,-0.3634363666666667,Dental and ophthalmic laboratory technicians and medical appliance technicians,felten_base_aioe,slug,AIOE_DataAppendix.xlsx,Appendix A,-0.6874476240311979,0.2674772036474164
dental-assistants,31-9091,Dental Assistants,1,-0.5268759,Dental assistants,felten_base_aioe,slug,AIOE_DataAppendix.xlsx,Appendix A,-0.8623258065226392,0.23404255319148937
dental-hygienists,29-2021,Dental Hygienists,1,-0.416508,Dental hygienists,felten_base_aioe,slug,AIOE_DataAppendix.xlsx,Appendix A,-0.7442335838898623,0.2553191489361702
dentists,29-1021 | 29-1022 | 29-1023 | 29-1024,"Dentists, General | Oral and Maxillofacial Surgeons | Orthodontists | Prosthodontists",4,-0.103693525,Dentists,felten_base_aioe,slug,AIOE_DataAppendix.xlsx,Appendix A,-0.4095261497133014,0.3404255319148936
desktop-publishers,43-9031,Desktop Publishers,1,0.3437743,Desktop publishers,felten_base_aioe,slug,AIOE_DataAppendix.xlsx,Appendix A,0.069258623856772,0.47720364741641336
diagnostic-medical-sonographers,29-2032,Diagnostic Medical Sonographers,1,-0.264054,Diagnostic medical sonographers,felten_base_aioe,slug,AIOE_DataAppendix.xlsx,Appendix A,-0.5811097796926512,0.3009118541033435
diesel-service-technicians-and-mechanics,49-3031,Bus and Truck Mechanics and Diesel Engine Specialists,1,-1.010472,Diesel service technicians and mechanics,felten_base_aioe,slug,AIOE_DataAppendix.xlsx,Appendix A,-1.379767366120518,0.12462006079027356
dietitians-and-nutritionists,29-1031,Dietitians and Nutritionists,1,1.342809,Dietitians and nutritionists,felten_base_aioe,slug,AIOE_DataAppendix.xlsx,Appendix A,1.1382128053739486,0.8936170212765957
drafters,17-3011 | 17-3012 | 17-3013,Architectural and Civil Drafters | Electrical and Electronics Drafters | Mechanical Drafters,3,0.8915218666666668,Drafters,felten_base_aioe,slug,AIOE_DataAppendix.xlsx,Appendix A,0.6553414213854184,0.6322188449848024
drywall-and-ceiling-tile-installers-and-tapers,47-2081 | 47-2082,Drywall and Ceiling Tile Installers | Tapers,2,-1.5943725,"Drywall installers, ceiling tile installers, and tapers",felten_base_aioe,slug,AIOE_DataAppendix.xlsx,Appendix A,-2.0045333337740643,0.0243161094224924
economists,19-3011,Economists,1,1.403764,Economists,felten_base_aioe,slug,AIOE_DataAppendix.xlsx,Appendix A,1.203433865397569,0.939209726443769
editors,27-3041,Editors,1,1.128221,Editors,felten_base_aioe,slug,AIOE_DataAppendix.xlsx,Appendix A,0.9086064264329489,0.7446808510638298
electrical-and-electronics-engineering-technicians,17-3023,Electrical and Electronic Engineering Technicians,1,0.3515252,Electrical and electronic engineering technologists and technicians,felten_base_aioe,slug,AIOE_DataAppendix.xlsx,Appendix A,0.07755198640516146,0.48024316109422494
electrical-and-electronics-engineers,17-2071 | 17-2072,"Electrical Engineers | Electronics Engineers, Except Computer",2,0.8960914,Electrical and electronics engineers,felten_base_aioe,slug,AIOE_DataAppendix.xlsx,Appendix A,0.6602307628309644,0.6352583586626139
electrical-and-electronics-installers-and-repairers,49-2092 | 49-2093 | 49-2094 | 49-2095 | 49-2096,"Electric Motor, Power Tool, and Related Repairers | Electrical and Electronics Installers and Repairers, Transportation Equipment | Electrical and Electronics Repairers, Commercial and Industrial Equipment | Electrical and Electronics Repairers, Powerhouse, Substation, and Relay | Electronic Equipment Installers and Repairers, Motor Vehicles",5,-0.68961702,Electrical and electronics installers and repairers,felten_base_aioe,slug,AIOE_DataAppendix.xlsx,Appendix A,-1.0364566957988464,0.20972644376899696
electricians,47-2111,Electricians,1,-0.7796905,Electricians,felten_base_aioe,slug,AIOE_DataAppendix.xlsx,Appendix A,-1.1328341520471665,0.1702127659574468
electro-mechanical-technicians,17-3024,Electro-Mechanical Technicians,1,-0.3040507,Electro-mechanical and mechatronics technologists and technicians,felten_base_aioe,slug,AIOE_DataAppendix.xlsx,Appendix A,-0.6239057303356949,0.2857142857142857
elementary-middle-and-high-school-principals,11-9032,"Education Administrators, Elementary and Secondary School",1,1.048811,"Elementary, middle, and high school principals",felten_base_aioe,slug,AIOE_DataAppendix.xlsx,Appendix A,0.8236387555860014,0.7203647416413373
elevator-installers-and-repairers,47-4021,Elevator Installers and Repairers,1,-0.8604742,Elevator and escalator installers and repairers,felten_base_aioe,slug,AIOE_DataAppendix.xlsx,Appendix A,-1.2192716640909715,0.1580547112462006
emergency-management-directors,11-9161,Emergency Management Directors,1,1.030768,Emergency management directors,felten_base_aioe,slug,AIOE_DataAppendix.xlsx,Appendix A,0.804332979423157,0.7051671732522796
emts-and-paramedics,29-2041,Emergency Medical Technicians and Paramedics,1,-0.6863446,EMTs and paramedics,felten_base_aioe,slug,AIOE_DataAppendix.xlsx,Appendix A,-1.032955248809387,0.21580547112462006
environmental-engineering-technicians,17-3025,Environmental Engineering Technicians,1,0.0438054,Environmental engineering technologists and technicians,felten_base_aioe,slug,AIOE_DataAppendix.xlsx,Appendix A,-0.2517042115483524,0.39209726443769
environmental-engineers,17-2081,Environmental Engineers,1,1.343561,Environmental engineers,felten_base_aioe,slug,AIOE_DataAppendix.xlsx,Appendix A,1.1390174356280338,0.8966565349544073
environmental-science-and-protection-technicians,19-4091,"Environmental Science and Protection Technicians, Including Health",1,0.0169452,Environmental science and protection technicians,felten_base_aioe,slug,AIOE_DataAppendix.xlsx,Appendix A,-0.28044427744034556,0.3799392097264438
environmental-scientists-and-specialists,19-2041,"Environmental Scientists and Specialists, Including Health",1,1.014113,Environmental scientists and specialists,felten_base_aioe,slug,AIOE_DataAppendix.xlsx,Appendix A,0.7865123452718422,0.6960486322188449
epidemiologists,19-1041,Epidemiologists,1,1.436287,Epidemiologists,felten_base_aioe,slug,AIOE_DataAppendix.xlsx,Appendix A,1.2382330538997133,0.9726443768996961
exercise-physiologists,29-1128,Exercise Physiologists,1,-0.0331901,Exercise physiologists,felten_base_aioe,slug,AIOE_DataAppendix.xlsx,Appendix A,-0.33408839868720325,0.3617021276595745
farmers-ranchers-and-other-agricultural-managers,11-9013,"Farmers, Ranchers, and Other Agricultural Managers",1,-0.1443684,"Farmers, ranchers, and other agricultural managers",felten_base_aioe,slug,AIOE_DataAppendix.xlsx,Appendix A,-0.4530477388172019,0.331306990881459
fashion-designers,27-1022,Fashion Designers,1,0.5801539,Fashion designers,felten_base_aioe,slug,AIOE_DataAppendix.xlsx,Appendix A,0.32218173237878595,0.5319148936170213
film-and-video-editors-and-camera-operators,27-4031 | 27-4032,"Camera Operators, Television, Video, and Motion Picture | Film and Video Editors",2,0.26935305,Film and video editors and camera operators,felten_base_aioe,slug,AIOE_DataAppendix.xlsx,Appendix A,-0.010371149144341143,0.46200607902735563
financial-analysts,13-2051,Financial Analysts,1,1.380615,Financial analysts,felten_base_aioe,slug,AIOE_DataAppendix.xlsx,Appendix A,1.1786647354084492,0.9240121580547113
financial-clerks,43-3021 | 43-3041 | 43-3051 | 43-3061 | 43-4011,Billing and Posting Clerks and Machine Operators | Gaming Cage Workers | Payroll and Timekeeping Clerks | Procurement Clerks | Brokerage Clerks,9,1.2051493111111111,Financial clerks,felten_base_aioe,slug,AIOE_DataAppendix.xlsx,Appendix A,0.9909187223314564,0.790273556231003
financial-examiners,13-2061,Financial Examiners,1,1.526064,Financial examiners,felten_base_aioe,slug,AIOE_DataAppendix.xlsx,Appendix A,1.3342932803904124,0.9969604863221885
financial-managers,11-3031,Financial Managers,1,1.446232,Financial managers,felten_base_aioe,slug,AIOE_DataAppendix.xlsx,Appendix A,1.2488740750125817,0.9817629179331308
fire-inspectors-and-investigators,33-2021 | 33-2022,Fire Inspectors and Investigators | Forest Fire Inspectors and Prevention Specialists,2,-0.07580985,Fire inspectors,felten_base_aioe,slug,AIOE_DataAppendix.xlsx,Appendix A,-0.37969097883553715,0.3495440729483283
firefighters,33-2011,Fire Fighters,1,-1.320232,Firefighters,felten_base_aioe,slug,AIOE_DataAppendix.xlsx,Appendix A,-1.711206551633054,0.057750759878419454
fishers-and-related-fishing-workers,45-3011 | 45-3021,Fishers and Related Fishing Workers | Hunters and Trappers,2,-1.409023,Fishing and hunting workers,felten_base_aioe,slug,AIOE_DataAppendix.xlsx,Appendix A,-1.806211770902306,0.04559270516717325
fitness-trainers-and-instructors,39-9031,Fitness Trainers and Aerobics Instructors,1,-2.111948,Fitness trainers and instructors,felten_base_aioe,slug,AIOE_DataAppendix.xlsx,Appendix A,-2.558332410999153,0.0060790273556231
flight-attendants,53-2031,Flight Attendants,1,-0.7621183,Flight attendants,felten_base_aioe,slug,AIOE_DataAppendix.xlsx,Appendix A,-1.1140321257827575,0.1762917933130699
floral-designers,27-1023,Floral Designers,1,-0.2718452,Floral designers,felten_base_aioe,slug,AIOE_DataAppendix.xlsx,Appendix A,-0.5894462627187529,0.2948328267477204
food-and-beverage-serving-and-related-workers,35-3021 | 35-3022 | 35-3041 | 35-9011 | 35-9031,"Combined Food Preparation and Serving Workers, Including Fast Food | Counter Attendants, Cafeteria, Food Concession, and Coffee Shop | Food Servers, Nonrestaurant | Dining Room and Cafeteria Attendants and Bartender Helpers | Hosts and Hostesses, Restaurant, Lounge, and Coffee Shop",5,-0.7452537,Food and beverage serving and related workers,felten_base_aioe,slug,AIOE_DataAppendix.xlsx,Appendix A,-1.095987222347857,0.1884498480243161
food-and-tobacco-processing-workers,51-3091 | 51-3092 | 51-3093,"Food and Tobacco Roasting, Baking, and Drying Machine Operators and Tenders | Food Batchmakers | Food Cooking Machine Operators and Tenders",3,-0.5646532666666667,Food processing equipment workers,felten_base_aioe,slug,AIOE_DataAppendix.xlsx,Appendix A,-0.9027470992615612,0.22796352583586627
food-preparation-workers,35-2021,Food Preparation Workers,1,-1.226416,Food preparation workers,felten_base_aioe,slug,AIOE_DataAppendix.xlsx,Appendix A,-1.610824647487767,0.0668693009118541
food-service-managers,11-9051,Food Service Managers,1,-0.1213112,Food service managers,felten_base_aioe,slug,AIOE_DataAppendix.xlsx,Appendix A,-0.4283768336383549,0.3343465045592705
forensic-science-technicians,19-4092,Forensic Science Technicians,1,0.2400518,Forensic science technicians,felten_base_aioe,slug,AIOE_DataAppendix.xlsx,Appendix A,-0.04172310690034316,0.45896656534954405
forest-and-conservation-workers,45-4011,Forest and Conservation Workers,1,-1.064205,Forest and conservation workers,felten_base_aioe,slug,AIOE_DataAppendix.xlsx,Appendix A,-1.4372609797412086,0.11550151975683891
fundraisers,13-1131,Fundraisers,1,1.242567,Fundraisers,felten_base_aioe,slug,AIOE_DataAppendix.xlsx,Appendix A,1.0309551645095774,0.8024316109422492
funeral-service-occupations,11-9061 | 39-4031,"Funeral Directors | Morticians, Undertakers, and Funeral Directors",2,0.09076295,Funeral service workers,felten_base_aioe,slug,AIOE_DataAppendix.xlsx,Appendix A,-0.20146024161787657,0.41033434650455924
gaming-services-occupations,11-9071 | 39-1011 | 39-1012 | 39-3011 | 39-3012,Gaming Managers | Gaming Supervisors | Slot Key Persons | Gaming Dealers | Gaming and Sports Book Writers and Runners,5,0.4693931799999999,Gambling services workers,felten_base_aioe,slug,AIOE_DataAppendix.xlsx,Appendix A,0.20366919743695333,0.5015197568389058
general-maintenance-and-repair-workers,49-9071,"Maintenance and Repair Workers, General",1,-1.014408,General maintenance and repair workers,felten_base_aioe,slug,AIOE_DataAppendix.xlsx,Appendix A,-1.383978835109985,0.12158054711246201
general-office-clerks,43-9061,"Office Clerks, General",1,0.9888986,General office clerks,felten_base_aioe,slug,AIOE_DataAppendix.xlsx,Appendix A,0.7595332640502923,0.6808510638297872
genetic-counselors,29-9092,Genetic Counselors,1,1.527667,Genetic counselors,felten_base_aioe,slug,AIOE_DataAppendix.xlsx,Appendix A,1.3360084696155434,1.0
geographers,19-3092,Geographers,1,1.436298,Geographers,felten_base_aioe,slug,AIOE_DataAppendix.xlsx,Appendix A,1.2382448237571533,0.9756838905775076
geological-and-petroleum-technicians,19-4041,Geological and Petroleum Technicians,1,0.0832659,Geological and hydrologic technicians,felten_base_aioe,slug,AIOE_DataAppendix.xlsx,Appendix A,-0.20948198795616024,0.4012158054711246
geoscientists,19-2042,"Geoscientists, Except Hydrologists and Geographers",1,0.7143481,Geoscientists,felten_base_aioe,slug,AIOE_DataAppendix.xlsx,Appendix A,0.4657677872228793,0.5775075987841946
glaziers,47-2121,Glaziers,1,-1.388901,Glaziers,felten_base_aioe,slug,AIOE_DataAppendix.xlsx,Appendix A,-1.7846814916832874,0.0486322188449848
graphic-designers,27-1024,Graphic Designers,1,0.7156958,Graphic designers,felten_base_aioe,slug,AIOE_DataAppendix.xlsx,Appendix A,0.46720980875669654,0.5805471124620061
grounds-maintenance-workers,37-3011 | 37-3012 | 37-3013,"Landscaping and Groundskeeping Workers | Pesticide Handlers, Sprayers, and Applicators, Vegetation | Tree Trimmers and Pruners",3,-1.478707166666667,Grounds maintenance workers,felten_base_aioe,slug,AIOE_DataAppendix.xlsx,Appendix A,-1.8807729261293202,0.030395136778115502
hand-laborers-and-material-movers,43-5081 | 53-7061 | 53-7062 | 53-7063 | 53-7064,"Stock Clerks and Order Fillers | Cleaners of Vehicles and Equipment | Laborers and Freight, Stock, and Material Movers, Hand | Machine Feeders and Offbearers | Packers and Packagers, Hand",6,-1.3271301333333334,Hand laborers and material movers,felten_base_aioe,slug,AIOE_DataAppendix.xlsx,Appendix A,-1.7185874648999602,0.05167173252279635
hazardous-materials-removal-workers,47-4041,Hazardous Materials Removal Workers,1,-0.6887439,Hazardous materials removal workers,felten_base_aioe,slug,AIOE_DataAppendix.xlsx,Appendix A,-1.0355224687144755,0.2127659574468085
health-and-safety-engineers,17-2111,"Health and Safety Engineers, Except Mining Safety Engineers and Inspectors",1,0.9948935,Health and safety engineers,felten_base_aioe,slug,AIOE_DataAppendix.xlsx,Appendix A,0.7659477293564297,0.6838905775075987
health-educators,21-1091,Health Educators,1,0.691658,Health education specialists,felten_base_aioe,slug,AIOE_DataAppendix.xlsx,Appendix A,0.44148967428641883,0.5592705167173252
health-information-technologists-and-medical-registrars,29-2071,Medical Records and Health Information Technicians,1,0.5738765,Health information technologists and medical registrars,felten_base_aioe,slug,AIOE_DataAppendix.xlsx,Appendix A,0.3154649957338467,0.5288753799392097
heating-air-conditioning-and-refrigeration-mechanics-and-installers,49-9021,"Heating, Air Conditioning, and Refrigeration Mechanics and Installers",1,-0.8491117,"Heating, air conditioning, and refrigeration mechanics and installers",felten_base_aioe,slug,AIOE_DataAppendix.xlsx,Appendix A,-1.2071139363488932,0.1641337386018237
heavy-and-tractor-trailer-truck-drivers,53-3032,"Truck Drivers, Heavy and Tractor-Trailer",1,-1.149057,Heavy and tractor-trailer truck drivers,felten_base_aioe,slug,AIOE_DataAppendix.xlsx,Appendix A,-1.5280515200598737,0.0911854103343465
heavy-vehicle-and-mobile-equipment-service-technicians,49-3041 | 49-3042 | 49-3043,"Farm Equipment Mechanics | Mobile Heavy Equipment Mechanics, Except Engines | Rail Car Repairers",3,-1.2749823333333332,Heavy vehicle and mobile equipment service technicians,felten_base_aioe,slug,AIOE_DataAppendix.xlsx,Appendix A,-1.6627899947350884,0.06382978723404255
high-school-teachers,25-2031,"Secondary School Teachers, Except Special and Vocational Education",1,1.191325,High school teachers,felten_base_aioe,slug,AIOE_DataAppendix.xlsx,Appendix A,0.9761268886055441,0.7811550151975684
historians,19-3093,Historians,1,1.098921,Historians,felten_base_aioe,slug,AIOE_DataAppendix.xlsx,Appendix A,0.877255806160747,0.7325227963525835
human-resources-managers,11-3121,Human Resources Managers,1,1.320417,Human resources managers,felten_base_aioe,slug,AIOE_DataAppendix.xlsx,Appendix A,1.1142536555741143,0.8693009118541033
human-resources-specialists,13-1071,"Employment, Recruitment, and Placement Specialists",1,1.36005,Human resources specialists,felten_base_aioe,slug,AIOE_DataAppendix.xlsx,Appendix A,1.1566604519307075,0.9088145896656535
hydrologists,19-2043,Hydrologists,1,0.6405071,Hydrologists,felten_base_aioe,slug,AIOE_DataAppendix.xlsx,Appendix A,0.3867588742017301,0.5562310030395137
industrial-designers,27-1021,Commercial and Industrial Designers,1,0.867039,Industrial designers,felten_base_aioe,slug,AIOE_DataAppendix.xlsx,Appendix A,0.6291450713498682,0.6231003039513677
industrial-engineering-technicians,17-3026,Industrial Engineering Technicians,1,0.6106679,Industrial engineering technologists and technicians,felten_base_aioe,slug,AIOE_DataAppendix.xlsx,Appendix A,0.3548313169175564,0.541033434650456
industrial-engineers,17-2112,Industrial Engineers,1,1.13787,Industrial engineers,felten_base_aioe,slug,AIOE_DataAppendix.xlsx,Appendix A,0.9189307313819755,0.7507598784194529
industrial-machinery-mechanics-and-maintenance-workers-and-millwrights,49-9041 | 49-9043 | 49-9044,"Industrial Machinery Mechanics | Maintenance Workers, Machinery | Millwrights",3,-1.1242704,"Industrial machinery mechanics, machinery maintenance workers, and millwrights",felten_base_aioe,slug,AIOE_DataAppendix.xlsx,Appendix A,-1.5015301792940385,0.09422492401215805
industrial-production-managers,11-3051,Industrial Production Managers,1,0.5086878,Industrial production managers,felten_base_aioe,slug,AIOE_DataAppendix.xlsx,Appendix A,0.2457139315789492,0.5167173252279635
information-clerks,43-4021 | 43-4031 | 43-4061 | 43-4071 | 43-4081,"Correspondence Clerks | Court, Municipal, and License Clerks | Eligibility Interviewers, Government Programs | File Clerks | Hotel, Motel, and Resort Desk Clerks",9,0.905436122222222,Information clerks,felten_base_aioe,slug,AIOE_DataAppendix.xlsx,Appendix A,0.6702294945012064,0.6382978723404256
information-security-analysts,15-1122,Information Security Analysts,1,1.250146,Information security analysts,felten_base_aioe,slug,AIOE_DataAppendix.xlsx,Appendix A,1.0390645962857896,0.8115501519756839
instructional-coordinators,25-9031,Instructional Coordinators,1,1.301855,Instructional coordinators,felten_base_aioe,slug,AIOE_DataAppendix.xlsx,Appendix A,1.0943925561375063,0.8601823708206687
insulation-workers,47-2131 | 47-2132,"Insulation Workers, Floor, Ceiling, and Wall | Insulation Workers, Mechanical",2,-1.4436935000000002,Insulation workers,felten_base_aioe,slug,AIOE_DataAppendix.xlsx,Appendix A,-1.8433087565728654,0.0364741641337386
insurance-sales-agents,41-3021,Insurance Sales Agents,1,1.341258,Insurance sales agents,felten_base_aioe,slug,AIOE_DataAppendix.xlsx,Appendix A,1.136553255474898,0.8875379939209727
insurance-underwriters,13-2053,Insurance Underwriters,1,1.326652,Insurance underwriters,felten_base_aioe,slug,AIOE_DataAppendix.xlsx,Appendix A,1.1209250247685572,0.8723404255319149
interior-designers,27-1025,Interior Designers,1,1.12168,Interior designers,felten_base_aioe,slug,AIOE_DataAppendix.xlsx,Appendix A,0.901607641204264,0.7416413373860182
interpreters-and-translators,27-3091,Interpreters and Translators,1,1.111319,Interpreters and translators,felten_base_aioe,slug,AIOE_DataAppendix.xlsx,Appendix A,0.8905215054827524,0.7386018237082067
janitors-and-building-cleaners,37-2011,"Janitors and Cleaners, Except Maids and Housekeeping Cleaners",1,-1.436201,Janitors and building cleaners,felten_base_aioe,slug,AIOE_DataAppendix.xlsx,Appendix A,-1.8352918786756136,0.03951367781155015
jewelers-and-precious-stone-and-metal-workers,51-9071,Jewelers and Precious Stone and Metal Workers,1,-0.1560197,Jewelers and precious stone and metal workers,felten_base_aioe,slug,AIOE_DataAppendix.xlsx,Appendix A,-0.46551447881643426,0.3282674772036474
judges-and-hearing-officers,23-1021 | 23-1023,"Administrative Law Judges, Adjudicators, and Hearing Officers | Judges, Magistrate Judges, and Magistrates",2,1.435604,Judges and hearing officers,felten_base_aioe,slug,AIOE_DataAppendix.xlsx,Appendix A,1.2375022527513886,0.9696048632218845
kindergarten-and-elementary-school-teachers,25-2012 | 25-2021,"Kindergarten Teachers, Except Special Education | Elementary School Teachers, Except Special Education",2,0.6256769,Kindergarten and elementary school teachers,felten_base_aioe,slug,AIOE_DataAppendix.xlsx,Appendix A,0.3708907524010198,0.547112462006079
labor-relations-specialists,13-1075,Labor Relations Specialists,1,1.334834,Labor relations specialists,felten_base_aioe,slug,AIOE_DataAppendix.xlsx,Appendix A,1.1296796587298938,0.8814589665653495
landscape-architects,17-1012,Landscape Architects,1,1.034388,Landscape architects,felten_base_aioe,slug,AIOE_DataAppendix.xlsx,Appendix A,0.8082063325079821,0.7082066869300911
lawyers,23-1011,Lawyers,1,1.328783,Lawyers,felten_base_aioe,slug,AIOE_DataAppendix.xlsx,Appendix A,1.123205167150812,0.878419452887538
librarians,25-4021 | 25-9011,Librarians | Audio-Visual Collections Specialists,2,0.7439546,Librarians and library media specialists,felten_base_aioe,slug,AIOE_DataAppendix.xlsx,Appendix A,0.4974463585228434,0.5866261398176292
library-technicians-and-assistants,25-4031 | 43-4121,"Library Technicians | Library Assistants, Clerical",2,0.1209284499999999,Library technicians and assistants,felten_base_aioe,slug,AIOE_DataAppendix.xlsx,Appendix A,-0.16918354756254866,0.42857142857142855
licensed-practical-and-licensed-vocational-nurses,29-2061,Licensed Practical and Licensed Vocational Nurses,1,-0.5137373,Licensed practical and licensed vocational nurses,felten_base_aioe,slug,AIOE_DataAppendix.xlsx,Appendix A,-0.8482676747988047,0.23708206686930092
line-installers-and-repairers,49-9051,Electrical Power-Line Installers and Repairers,1,-1.081398,Electrical power-line installers and repairers,felten_base_aioe,slug,AIOE_DataAppendix.xlsx,Appendix A,-1.4556572669200472,0.11246200607902736
loan-officers,13-2072,Loan Officers,1,1.385739,Loan officers,felten_base_aioe,slug,AIOE_DataAppendix.xlsx,Appendix A,1.1841473490014447,0.9300911854103343
lodging-managers,11-9081,Lodging Managers,1,0.4021726,Lodging managers,felten_base_aioe,slug,AIOE_DataAppendix.xlsx,Appendix A,0.1317440480152067,0.49240121580547114
logging-workers,45-4021 | 45-4022 | 45-4023,Fallers | Logging Equipment Operators | Log Graders and Scalers,3,-1.0919798333333337,Logging workers,felten_base_aioe,slug,AIOE_DataAppendix.xlsx,Appendix A,-1.4669796914462272,0.1094224924012158
logisticians,13-1081,Logisticians,1,1.297303,Logisticians,felten_base_aioe,slug,AIOE_DataAppendix.xlsx,Appendix A,1.089521975131395,0.8541033434650456
machinists-and-tool-and-die-makers,51-4041 | 51-4111,Machinists | Tool and Die Makers,2,-0.6996716000000001,Machinists and tool and die makers,felten_base_aioe,slug,AIOE_DataAppendix.xlsx,Appendix A,-1.047214966091559,0.2006079027355623
management-analysts,13-1111,Management Analysts,1,1.432417,Management analysts,felten_base_aioe,slug,AIOE_DataAppendix.xlsx,Appendix A,1.2340922040548865,0.9665653495440729
manicurists-and-pedicurists,39-5092,Manicurists and Pedicurists,1,0.0335124,Manicurists and pedicurists,felten_base_aioe,slug,AIOE_DataAppendix.xlsx,Appendix A,-0.2627175881511433,0.3860182370820669
marine-engineers-and-naval-architects,17-2121,Marine Engineers and Naval Architects,1,0.5472173,Marine engineers and naval architects,felten_base_aioe,slug,AIOE_DataAppendix.xlsx,Appendix A,0.28693999723689484,0.5258358662613982
market-research-analysts,13-1161,Market Research Analysts and Marketing Specialists,1,1.426757,Market research analysts,felten_base_aioe,slug,AIOE_DataAppendix.xlsx,Appendix A,1.2280360774084476,0.9574468085106383
marriage-and-family-therapists,21-1013,Marriage and Family Therapists,1,1.367434,Marriage and family therapists,felten_base_aioe,slug,AIOE_DataAppendix.xlsx,Appendix A,1.1645612362341184,0.9148936170212766
massage-therapists,31-9011,Massage Therapists,1,-1.410233,Massage therapists,felten_base_aioe,slug,AIOE_DataAppendix.xlsx,Appendix A,-1.8075064552207145,0.0425531914893617
material-moving-machine-operators,53-7011 | 53-7021 | 53-7031 | 53-7041 | 53-7051,Conveyor Operators and Tenders | Crane and Tower Operators | Dredge Operators | Hoist and Winch Operators | Industrial Truck and Tractor Operators,5,-1.03591998,Material moving machine operators,felten_base_aioe,slug,AIOE_DataAppendix.xlsx,Appendix A,-1.4069963749148728,0.11854103343465046
material-recording-clerks,43-5061 | 43-5071 | 43-5111,"Production, Planning, and Expediting Clerks | Shipping, Receiving, and Traffic Clerks | Weighers, Measurers, Checkers, and Samplers, Recordkeeping",3,-0.0774966333333333,Material recording clerks,felten_base_aioe,slug,AIOE_DataAppendix.xlsx,Appendix A,-0.3814958151415034,0.3465045592705167
materials-engineers,17-2131,Materials Engineers,1,1.037278,Materials engineers,felten_base_aioe,slug,AIOE_DataAppendix.xlsx,Appendix A,0.8112985950536018,0.7112462006079028
mathematicians-and-statisticians,15-2021 | 15-2041,Mathematicians | Statisticians,2,1.4275215,Mathematicians and statisticians,felten_base_aioe,slug,AIOE_DataAppendix.xlsx,Appendix A,1.228854082500533,0.9604863221884499
mechanical-engineering-technicians,17-3027,Mechanical Engineering Technicians,1,-0.1192367,Mechanical engineering technologists and technicians,felten_base_aioe,slug,AIOE_DataAppendix.xlsx,Appendix A,-0.42615714552386064,0.3373860182370821
mechanical-engineers,17-2141,Mechanical Engineers,1,1.004709,Mechanical engineers,felten_base_aioe,slug,AIOE_DataAppendix.xlsx,Appendix A,0.7764501871476174,0.6869300911854104
medical-and-health-services-managers,11-9111,Medical and Health Services Managers,1,1.260259,Medical and health services managers,felten_base_aioe,slug,AIOE_DataAppendix.xlsx,Appendix A,1.0498853752213795,0.817629179331307
medical-assistants,31-9092,Medical Assistants,1,0.1497917,Medical assistants,felten_base_aioe,slug,AIOE_DataAppendix.xlsx,Appendix A,-0.13830024413006953,0.43465045592705165
medical-equipment-repairers,49-9062,Medical Equipment Repairers,1,-0.2768838,Medical equipment repairers,felten_base_aioe,slug,AIOE_DataAppendix.xlsx,Appendix A,-0.5948374994185317,0.2917933130699088
medical-scientists,19-1042,"Medical Scientists, Except Epidemiologists",1,1.279928,Medical scientists,felten_base_aioe,slug,AIOE_DataAppendix.xlsx,Appendix A,1.070930950311275,0.8297872340425532
medical-transcriptionists,31-9094,Medical Transcriptionists,1,1.06259,Medical transcriptionists,felten_base_aioe,slug,AIOE_DataAppendix.xlsx,Appendix A,0.8383821070102564,0.7264437689969605
meeting-convention-and-event-planners,13-1121,Meeting and Convention Planners,1,0.3740207,"Meeting, convention, and event planners",felten_base_aioe,slug,AIOE_DataAppendix.xlsx,Appendix A,0.10162187986363658,0.48632218844984804
metal-and-plastic-machine-workers,51-4011 | 51-4012 | 51-4021 | 51-4022 | 51-4023,"Computer-Controlled Machine Tool Operators, Metal and Plastic | Numerical Tool and Process Control Programmers | Extruding and Drawing Machine Setters, Operators, and Tenders, Metal and Plastic | Forging Machine Setters, Operators, and Tenders, Metal and Plastic | Rolling Machine Setters, Operators, and Tenders, Metal and Plastic",20,-0.93531676,Metal and plastic machine workers,felten_base_aioe,slug,AIOE_DataAppendix.xlsx,Appendix A,-1.29935223333191,0.14285714285714285
microbiologists,19-1022,Microbiologists,1,0.6955647,Microbiologists,felten_base_aioe,slug,AIOE_DataAppendix.xlsx,Appendix A,0.4456697926556138,0.5623100303951368
middle-school-teachers,25-2022,"Middle School Teachers, Except Special and Vocational Education",1,1.286445,Middle school teachers,felten_base_aioe,slug,AIOE_DataAppendix.xlsx,Appendix A,1.077904055851,0.8449848024316109
mining-and-geological-engineers,17-2151,"Mining and Geological Engineers, Including Mining Safety Engineers",1,1.34695,Mining and geological engineers,felten_base_aioe,slug,AIOE_DataAppendix.xlsx,Appendix A,1.1426436217066174,0.8996960486322189
models,41-9012,Models,1,-1.122021,Models,felten_base_aioe,slug,AIOE_DataAppendix.xlsx,Appendix A,-1.4991233504462471,0.0972644376899696
multimedia-artists-and-animators,27-1014,Multi-Media Artists and Animators,1,0.7058651,Special effects artists and animators,felten_base_aioe,slug,AIOE_DataAppendix.xlsx,Appendix A,0.4566910871625008,0.5714285714285714
music-directors-and-composers,27-2041,Music Directors and Composers,1,0.8829641,Music directors and composers,felten_base_aioe,slug,AIOE_DataAppendix.xlsx,Appendix A,0.646184721960682,0.6261398176291794
musicians-and-singers,27-2042,Musicians and Singers,1,-0.0040058,Musicians and singers,felten_base_aioe,slug,AIOE_DataAppendix.xlsx,Appendix A,-0.30286157591553003,0.3738601823708207
natural-sciences-managers,11-9121,Natural Sciences Managers,1,1.327906,Natural sciences managers,felten_base_aioe,slug,AIOE_DataAppendix.xlsx,Appendix A,1.122266788516726,0.8753799392097265
network-and-computer-systems-administrators,15-1142,Network and Computer Systems Administrators,1,0.7895315,Network and computer systems administrators,felten_base_aioe,slug,AIOE_DataAppendix.xlsx,Appendix A,0.5462130508465337,0.5957446808510638
nuclear-engineers,17-2161,Nuclear Engineers,1,1.303009,Nuclear engineers,felten_base_aioe,slug,AIOE_DataAppendix.xlsx,Appendix A,1.0956273211816743,0.8632218844984803
nuclear-medicine-technologists,29-2033,Nuclear Medicine Technologists,1,0.0855276,Nuclear medicine technologists,felten_base_aioe,slug,AIOE_DataAppendix.xlsx,Appendix A,-0.2070619982677767,0.4072948328267477
nuclear-technicians,19-4051,Nuclear Technicians,1,0.1696743,Nuclear technicians,felten_base_aioe,slug,AIOE_DataAppendix.xlsx,Appendix A,-0.11702611980842845,0.44376899696048633
nurse-anesthetists-nurse-midwives-and-nurse-practitioners,29-1151 | 29-1161 | 29-1171,Nurse Anesthetists | Nurse Midwives | Nurse Practitioners,3,0.2093342666666666,"Nurse anesthetists, nurse midwives, and nurse practitioners",felten_base_aioe,slug,AIOE_DataAppendix.xlsx,Appendix A,-0.07459046946798971,0.44984802431610943
nursing-assistants,31-1014 | 31-1015,Nursing Assistants | Orderlies,2,-1.2916266,Nursing assistants and orderlies,felten_base_aioe,slug,AIOE_DataAppendix.xlsx,Appendix A,-1.6805991443588408,0.060790273556231005
occupational-health-and-safety-specialists-and-technicians,29-9011 | 29-9012,Occupational Health and Safety Specialists | Occupational Health and Safety Technicians,2,0.61731185,Occupational health and safety specialists and technicians,felten_base_aioe,slug,AIOE_DataAppendix.xlsx,Appendix A,0.3619402573120102,0.5440729483282675
occupational-therapists,29-1122,Occupational Therapists,1,0.1151615,Occupational therapists,felten_base_aioe,slug,AIOE_DataAppendix.xlsx,Appendix A,-0.17535410932291634,0.42249240121580545
occupational-therapy-assistants-and-aides,31-2011 | 31-2012,Occupational Therapist Assistants | Occupational Therapist Aides,2,-0.5444042,Occupational therapy assistants and aides,felten_base_aioe,slug,AIOE_DataAppendix.xlsx,Appendix A,-0.8810808603559923,0.23100303951367782
oil-and-gas-workers,47-5011 | 47-5012 | 47-5013 | 47-5071,"Derrick Operators, Oil and Gas | Rotary Drill Operators, Oil and Gas | Service Unit Operators, Oil, Gas, and Mining | Roustabouts, Oil and Gas",4,-1.1699069,Oil and gas workers,felten_base_aioe,slug,AIOE_DataAppendix.xlsx,Appendix A,-1.5503606428453134,0.08814589665653495
operations-research-analysts,15-2031,Operations Research Analysts,1,1.40002,Operations research analysts,felten_base_aioe,slug,AIOE_DataAppendix.xlsx,Appendix A,1.1994278339197832,0.9331306990881459
opticians-dispensing,29-2081,"Opticians, Dispensing",1,0.1013966,Opticians,felten_base_aioe,slug,AIOE_DataAppendix.xlsx,Appendix A,-0.19008237392990723,0.41641337386018235
optometrists,29-1041,Optometrists,1,0.5040194,Optometrists,felten_base_aioe,slug,AIOE_DataAppendix.xlsx,Appendix A,0.240718804081381,0.513677811550152
orthotists-and-prosthetists,29-2091,Orthotists and Prosthetists,1,0.066577,Orthotists and prosthetists,felten_base_aioe,slug,AIOE_DataAppendix.xlsx,Appendix A,-0.22733889466813134,0.3981762917933131
painters-construction-and-maintenance,47-2141,"Painters, Construction and Maintenance",1,-1.58799,"Painters, construction and maintenance",felten_base_aioe,slug,AIOE_DataAppendix.xlsx,Appendix A,-1.9977041414912202,0.02735562310030395
painting-and-coating-workers,51-9121 | 51-9122 | 51-9123,"Coating, Painting, and Spraying Machine Setters, Operators, and Tenders | Painters, Transportation Equipment | Painting, Coating, and Decorating Workers",3,-1.1798142333333337,Painting and coating workers,felten_base_aioe,slug,AIOE_DataAppendix.xlsx,Appendix A,-1.5609613611130086,0.08206686930091185
paralegals-and-legal-assistants,23-2011,Paralegals and Legal Assistants,1,1.292055,Paralegals and legal assistants,felten_base_aioe,slug,AIOE_DataAppendix.xlsx,Appendix A,1.0839066831454387,0.8480243161094225
personal-financial-advisors,13-2052,Personal Financial Advisors,1,1.400749,Personal financial advisors,felten_base_aioe,slug,AIOE_DataAppendix.xlsx,Appendix A,1.200207854471948,0.9361702127659575
pest-control-workers,37-2021,Pest Control Workers,1,-0.7255374,Pest control workers,felten_base_aioe,slug,AIOE_DataAppendix.xlsx,Appendix A,-1.0748910368709692,0.19148936170212766
petroleum-engineers,17-2171,Petroleum Engineers,1,1.247779,Petroleum engineers,felten_base_aioe,slug,AIOE_DataAppendix.xlsx,Appendix A,1.0365319369620933,0.8085106382978723
pharmacists,29-1051,Pharmacists,1,0.6058705,Pharmacists,felten_base_aioe,slug,AIOE_DataAppendix.xlsx,Appendix A,0.3496981610918273,0.5379939209726444
pharmacy-technicians,29-2052,Pharmacy Technicians,1,0.0070256,Pharmacy technicians,felten_base_aioe,slug,AIOE_DataAppendix.xlsx,Appendix A,-0.29105812088239796,0.3768996960486322
phlebotomists,31-9097,Phlebotomists,1,-0.2778475,Phlebotomists,felten_base_aioe,slug,AIOE_DataAppendix.xlsx,Appendix A,-0.5958686459289864,0.2887537993920973
photographers,27-4021,Photographers,1,-0.1680973,Photographers,felten_base_aioe,slug,AIOE_DataAppendix.xlsx,Appendix A,-0.4784373542908215,0.3252279635258359
physical-therapist-assistants-and-aides,31-2021 | 31-2022,Physical Therapist Assistants | Physical Therapist Aides,2,-0.70659,Physical therapist assistants and aides,felten_base_aioe,slug,AIOE_DataAppendix.xlsx,Appendix A,-1.0546175644291427,0.1945288753799392
physical-therapists,29-1123,Physical Therapists,1,-0.3581922,Physical therapists,felten_base_aioe,slug,AIOE_DataAppendix.xlsx,Appendix A,-0.6818364336622282,0.2765957446808511
physician-assistants,29-1071,Physician Assistants,1,0.1059147,Physician assistants,felten_base_aioe,slug,AIOE_DataAppendix.xlsx,Appendix A,-0.18524806548445208,0.4194528875379939
physicians-and-surgeons,29-1061 | 29-1062 | 29-1063 | 29-1064 | 29-1065,"Anesthesiologists | Family and General Practitioners | Internists, General | Obstetricians and Gynecologists | Pediatricians, General",8,0.7073049,Physicians and surgeons,felten_base_aioe,slug,AIOE_DataAppendix.xlsx,Appendix A,0.4582316545027027,0.574468085106383
physicists-and-astronomers,19-2011 | 19-2012,Astronomers | Physicists,2,1.3597365,Physicists and astronomers,felten_base_aioe,slug,AIOE_DataAppendix.xlsx,Appendix A,1.1563250109936654,0.9057750759878419
plumbers-pipefitters-and-steamfitters,47-2152,"Plumbers, Pipefitters, and Steamfitters",1,-1.121219,"Plumbers, pipefitters, and steamfitters",felten_base_aioe,slug,AIOE_DataAppendix.xlsx,Appendix A,-1.4982652208401617,0.10030395136778116
podiatrists,29-1081,Podiatrists,1,0.6279185,Podiatrists,felten_base_aioe,slug,AIOE_DataAppendix.xlsx,Appendix A,0.3732892353498994,0.5501519756838906
police-and-detectives,33-3021 | 33-3031 | 33-3051 | 33-3052,Detectives and Criminal Investigators | Fish and Game Wardens | Police and Sheriff's Patrol Officers | Transit and Railroad Police,4,-0.43035275,Police and detectives,felten_base_aioe,slug,AIOE_DataAppendix.xlsx,Appendix A,-0.7590472869619979,0.25227963525835867
police-fire-and-ambulance-dispatchers,43-5031,"Police, Fire, and Ambulance Dispatchers",1,0.9074452,Public safety telecommunicators,felten_base_aioe,slug,AIOE_DataAppendix.xlsx,Appendix A,0.6723791816857946,0.6443768996960486
political-scientists,19-3094,Political Scientists,1,1.418863,Political scientists,felten_base_aioe,slug,AIOE_DataAppendix.xlsx,Appendix A,1.219589599714633,0.9483282674772037
postal-service-workers,43-5051 | 43-5052 | 43-5053,"Postal Service Clerks | Postal Service Mail Carriers | Postal Service Mail Sorters, Processors, and Processing Machine Operators",3,-0.9228052333333334,Postal service workers,felten_base_aioe,slug,AIOE_DataAppendix.xlsx,Appendix A,-1.2859650619478762,0.14893617021276595
postsecondary-education-administrators,11-9033,"Education Administrators, Postsecondary",1,1.461149,Postsecondary education administrators,felten_base_aioe,slug,AIOE_DataAppendix.xlsx,Appendix A,1.2648350716883647,0.9848024316109423
postsecondary-teachers,25-1011 | 25-1021 | 25-1022 | 25-1031 | 25-1032,"Business Teachers, Postsecondary | Computer Science Teachers, Postsecondary | Mathematical Science Teachers, Postsecondary | Architecture Teachers, Postsecondary | Engineering Teachers, Postsecondary",34,1.2436190176470587,Postsecondary teachers,felten_base_aioe,slug,AIOE_DataAppendix.xlsx,Appendix A,1.032080809757789,0.8054711246200608
power-plant-operators-distributors-and-dispatchers,51-8011 | 51-8012 | 51-8013,Nuclear Power Reactor Operators | Power Distributors and Dispatchers | Power Plant Operators,3,0.3078245666666667,"Power plant operators, distributors, and dispatchers",felten_base_aioe,slug,AIOE_DataAppendix.xlsx,Appendix A,0.030792875098401506,0.47112462006079026
preschool-and-childcare-center-directors,11-9031,"Education Administrators, Preschool and Child Care Center/Program",1,0.838007,Preschool and childcare center directors,felten_base_aioe,slug,AIOE_DataAppendix.xlsx,Appendix A,0.5980812076043879,0.6109422492401215
preschool-teachers,25-2011,"Preschool Teachers, Except Special Education",1,0.0306372,Preschool teachers,felten_base_aioe,slug,AIOE_DataAppendix.xlsx,Appendix A,-0.26579401488857113,0.3829787234042553
private-detectives-and-investigators,33-9021,Private Detectives and Investigators,1,0.7483108,Private detectives and investigators,felten_base_aioe,slug,AIOE_DataAppendix.xlsx,Appendix A,0.5021074360665215,0.5896656534954408
probation-officers-and-correctional-treatment-specialists,21-1092,Probation Officers and Correctional Treatment Specialists,1,0.5272448,Probation officers and correctional treatment specialists,felten_base_aioe,slug,AIOE_DataAppendix.xlsx,Appendix A,0.26556968108035706,0.5197568389057751
producers-and-directors,27-2012,Producers and Directors,1,0.9388108,Producers and directors,felten_base_aioe,slug,AIOE_DataAppendix.xlsx,Appendix A,0.7059399671878349,0.6504559270516718
project-management-specialists,11-9199,"Managers, All Other",1,0.9646872,Project management specialists,felten_base_aioe,slug,AIOE_DataAppendix.xlsx,Appendix A,0.7336273798298694,0.6656534954407295
property-real-estate-and-community-association-managers,11-9141,"Property, Real Estate, and Community Association Managers",1,1.215396,"Property, real estate, and community association managers",felten_base_aioe,slug,AIOE_DataAppendix.xlsx,Appendix A,1.00188254664555,0.7933130699088146
psychiatric-technicians-and-aides,29-2053 | 31-1013,Psychiatric Technicians | Psychiatric Aides,2,-0.3584566999999999,Psychiatric technicians and aides,felten_base_aioe,slug,AIOE_DataAppendix.xlsx,Appendix A,-0.68211944523431,0.2735562310030395
psychologists,19-3031 | 19-3032 | 19-3039,"Clinical, Counseling, and School Psychologists | Industrial-Organizational Psychologists | Psychologists, All Other",3,1.41623,Psychologists,felten_base_aioe,slug,AIOE_DataAppendix.xlsx,Appendix A,1.216772323838295,0.9452887537993921
public-relations-managers,11-2031,Public Relations Managers,1,1.293689,Public relations and fundraising managers,felten_base_aioe,slug,AIOE_DataAppendix.xlsx,Appendix A,1.08565504196881,0.851063829787234
public-relations-specialists,27-3031,Public Relations Specialists,1,1.284927,Public relations specialists,felten_base_aioe,slug,AIOE_DataAppendix.xlsx,Appendix A,1.0762798155242694,0.8419452887537994
purchasing-managers-buyers-and-purchasing-agents,11-3061,Purchasing Managers,1,1.423426,"Purchasing managers, buyers, and purchasing agents",felten_base_aioe,slug,AIOE_DataAppendix.xlsx,Appendix A,1.2244719505781847,0.9513677811550152
quality-control-inspectors,51-9061,"Inspectors, Testers, Sorters, Samplers, and Weighers",1,-0.0293395,Quality control inspectors,felten_base_aioe,slug,AIOE_DataAppendix.xlsx,Appendix A,-0.3299683065909527,0.3677811550151976
radiation-therapists,29-1124,Radiation Therapists,1,-0.2189393,Radiation therapists,felten_base_aioe,slug,AIOE_DataAppendix.xlsx,Appendix A,-0.5328376353788521,0.3130699088145897
radiologic-technologists,29-2034 | 29-2035,Radiologic Technologists and Technicians | Magnetic Resonance Imaging Technologists,2,-0.3143332,Radiologic and MRI technologists,felten_base_aioe,slug,AIOE_DataAppendix.xlsx,Appendix A,-0.6349078720745658,0.2826747720364742
railroad-occupations,53-4011 | 53-4012 | 53-4013 | 53-4021 | 53-4031,"Locomotive Engineers | Locomotive Firers | Rail Yard Engineers, Dinkey Operators, and Hostlers | Railroad Brake, Signal, and Switch Operators | Railroad Conductors and Yardmasters",5,-0.75696442,Railroad workers,felten_base_aioe,slug,AIOE_DataAppendix.xlsx,Appendix A,-1.1085175409770067,0.17933130699088146
real-estate-brokers-and-sales-agents,41-9021 | 41-9022,Real Estate Brokers | Real Estate Sales Agents,2,1.00731275,Real estate brokers and sales agents,felten_base_aioe,slug,AIOE_DataAppendix.xlsx,Appendix A,0.7792361659030353,0.6899696048632219
receptionists,43-4171,Receptionists and Information Clerks,1,1.013186,Receptionists,felten_base_aioe,slug,AIOE_DataAppendix.xlsx,Appendix A,0.7855204672857558,0.6930091185410334
recreation-workers,39-9032,Recreation Workers,1,-0.2441154,Recreation workers,felten_base_aioe,slug,AIOE_DataAppendix.xlsx,Appendix A,-0.5597757360967697,0.3100303951367781
recreational-therapists,29-1125,Recreational Therapists,1,0.2190109,Recreational therapists,felten_base_aioe,slug,AIOE_DataAppendix.xlsx,Appendix A,-0.06423659721042424,0.45288753799392095
registered-nurses,29-1141,Registered Nurses,1,0.2294097,Registered nurses,felten_base_aioe,slug,AIOE_DataAppendix.xlsx,Appendix A,-0.05311001597880055,0.45592705167173253
rehabilitation-counselors,21-1015,Rehabilitation Counselors,1,0.5025014,Rehabilitation counselors,felten_base_aioe,slug,AIOE_DataAppendix.xlsx,Appendix A,0.2390945637546505,0.5106382978723404
reporters-correspondents-and-broadcast-news-analysts,27-3021 | 27-3022,Broadcast News Analysts | Reporters and Correspondents,2,1.175098,"News analysts, reporters, and journalists",felten_base_aioe,slug,AIOE_DataAppendix.xlsx,Appendix A,0.9587642089073523,0.7750759878419453
respiratory-therapists,29-1126,Respiratory Therapists,1,-0.1880507,Respiratory therapists,felten_base_aioe,slug,AIOE_DataAppendix.xlsx,Appendix A,-0.49978723369489503,0.3221884498480243
retail-sales-workers,41-2022 | 41-2031,Parts Salespersons | Retail Salespersons,2,-0.0155919999999999,Retail sales workers,felten_base_aioe,slug,AIOE_DataAppendix.xlsx,Appendix A,-0.3152586597584578,0.3708206686930091
roofers,47-2181,Roofers,1,-1.752941,Roofers,felten_base_aioe,slug,AIOE_DataAppendix.xlsx,Appendix A,-2.1741995737273974,0.0182370820668693
sales-engineers,41-9031,Sales Engineers,1,1.145416,Sales engineers,felten_base_aioe,slug,AIOE_DataAppendix.xlsx,Appendix A,0.9270048535858676,0.756838905775076
sales-managers,11-2022,Sales Managers,1,1.26628,Sales managers,felten_base_aioe,slug,AIOE_DataAppendix.xlsx,Appendix A,1.056327767189261,0.8206686930091185
school-and-career-counselors,21-1012,"Educational, Vocational, and School Counselors",1,0.9739287,School and career counselors and advisors,felten_base_aioe,slug,AIOE_DataAppendix.xlsx,Appendix A,0.7435156650600933,0.6717325227963525
secretaries-and-administrative-assistants,43-6011 | 43-6012 | 43-6013 | 43-6014,"Executive Secretaries and Administrative Assistants | Legal Secretaries | Medical Secretaries | Secretaries, Except Legal, Medical, and Executive",4,1.1028055,Secretaries and administrative assistants,felten_base_aioe,slug,AIOE_DataAppendix.xlsx,Appendix A,0.8814121708176539,0.7355623100303952
securities-commodities-and-financial-services-sales-agents,41-3031,"Securities, Commodities, and Financial Services Sales Agents",1,1.256298,"Securities, commodities, and financial services sales agents",felten_base_aioe,slug,AIOE_DataAppendix.xlsx,Appendix A,1.045647156555912,0.8145896656534954
security-guards,33-9031 | 33-9032,Gaming Surveillance Officers and Gaming Investigators | Security Guards,2,0.1687756,Security guards and gambling surveillance officers,felten_base_aioe,slug,AIOE_DataAppendix.xlsx,Appendix A,-0.11798771716128265,0.44072948328267475
semiconductor-processing-technicians,51-9141,Semiconductor Processors,1,-0.6372312,Semiconductor processing technicians,felten_base_aioe,slug,AIOE_DataAppendix.xlsx,Appendix A,-0.9804045473187124,0.2188449848024316
set-and-exhibit-designers,27-1027,Set and Exhibit Designers,1,-0.0519323,Set and exhibit designers,felten_base_aioe,slug,AIOE_DataAppendix.xlsx,Appendix A,-0.3541423097884205,0.3586626139817629
sheet-metal-workers,47-2211,Sheet Metal Workers,1,-1.174972,Sheet metal workers,felten_base_aioe,slug,AIOE_DataAppendix.xlsx,Appendix A,-1.5557802342016522,0.0851063829787234
skincare-specialists,39-5094,Skin Care Specialists,1,-0.2628396,Skincare specialists,felten_base_aioe,slug,AIOE_DataAppendix.xlsx,Appendix A,-0.5798103874312668,0.303951367781155
small-engine-mechanics,49-3051 | 49-3052 | 49-3053,Motorboat Mechanics | Motorcycle Mechanics | Outdoor Power Equipment and Other Small Engine Mechanics,3,-0.848074,Small engine mechanics,felten_base_aioe,slug,AIOE_DataAppendix.xlsx,Appendix A,-1.2060036107974783,0.16717325227963525
social-and-community-service-managers,11-9151,Social and Community Service Managers,1,1.156153,Social and community service managers,felten_base_aioe,slug,AIOE_DataAppendix.xlsx,Appendix A,0.9384933044344216,0.7689969604863222
social-and-human-service-assistants,21-1093,Social and Human Service Assistants,1,0.4652255,Social and human service assistants,felten_base_aioe,slug,AIOE_DataAppendix.xlsx,Appendix A,0.1992098338500575,0.49848024316109424
social-workers,21-1021 | 21-1022 | 21-1023,"Child, Family, and School Social Workers | Medical and Public Health Social Workers | Mental Health and Substance Abuse Social Workers",3,0.9431171666666668,Social workers,felten_base_aioe,slug,AIOE_DataAppendix.xlsx,Appendix A,0.7105477237106862,0.6565349544072948
sociologists,19-3041,Sociologists,1,1.411125,Sociologists,felten_base_aioe,slug,AIOE_DataAppendix.xlsx,Appendix A,1.2113100399990597,0.9422492401215805
software-developers,15-1132 | 15-1133,"Software Developers, Applications | Software Developers, Systems Software",2,1.2421155,"Software developers, quality assurance analysts, and testers",felten_base_aioe,slug,AIOE_DataAppendix.xlsx,Appendix A,1.0304720653610142,0.7993920972644377
solar-photovoltaic-installers,47-2231,Solar Photovoltaic Installers,1,-0.9441692,Solar photovoltaic installers,felten_base_aioe,slug,AIOE_DataAppendix.xlsx,Appendix A,-1.3088242294043488,0.1398176291793313
special-education-teachers,25-2051 | 25-2053 | 25-2054 | 25-2059,"Special Education Teachers, Preschool | Special Education Teachers, Middle School | Special Education Teachers, Secondary School | Special Education Teachers, All Other",4,0.4916505,Special education teachers,felten_base_aioe,slug,AIOE_DataAppendix.xlsx,Appendix A,0.2274842413822397,0.5075987841945289
speech-language-pathologists,29-1127,Speech-Language Pathologists,1,1.146267,Speech-language pathologists,felten_base_aioe,slug,AIOE_DataAppendix.xlsx,Appendix A,0.9279154125569133,0.7598784194528876
stationary-engineers-and-boiler-operators,51-8021,Stationary Engineers and Boiler Operators,1,-0.5032496,Stationary engineers and boiler operators,felten_base_aioe,slug,AIOE_DataAppendix.xlsx,Appendix A,-0.8370459717193245,0.24012158054711247
structural-iron-and-steel-workers,47-2171 | 47-2221,Reinforcing Iron and Rebar Workers | Structural Iron and Steel Workers,2,-1.875531,Ironworkers,felten_base_aioe,slug,AIOE_DataAppendix.xlsx,Appendix A,-2.305369284961843,0.00911854103343465
surgical-technologists,29-2055,Surgical Technologists,1,-0.4830476,Surgical assistants and technologists,felten_base_aioe,slug,AIOE_DataAppendix.xlsx,Appendix A,-0.8154300935371052,0.24316109422492402
survey-researchers,19-3022,Survey Researchers,1,1.42653,Survey researchers,felten_base_aioe,slug,AIOE_DataAppendix.xlsx,Appendix A,1.227793190350366,0.9544072948328267
surveying-and-mapping-technicians,17-3031,Surveying and Mapping Technicians,1,0.0852324,Surveying and mapping technicians,felten_base_aioe,slug,AIOE_DataAppendix.xlsx,Appendix A,-0.20737785844198672,0.40425531914893614
surveyors,17-1022,Surveyors,1,0.1460606,Surveyors,felten_base_aioe,slug,AIOE_DataAppendix.xlsx,Appendix A,-0.14229247277503926,0.4316109422492401
tax-examiners-and-collectors-and-revenue-agents,13-2081,"Tax Examiners, Collectors, and Revenue Agents",1,1.36682,"Tax examiners and collectors, and revenue agents",felten_base_aioe,slug,AIOE_DataAppendix.xlsx,Appendix A,1.1639042641915542,0.9118541033434651
taxi-drivers-and-chauffeurs,53-3022 | 53-3041,"Bus Drivers, School | Taxi Drivers and Chauffeurs",2,-0.46498245,"Taxi drivers, shuttle drivers, and chauffeurs",felten_base_aioe,slug,AIOE_DataAppendix.xlsx,Appendix A,-0.7961006171613246,0.24620060790273557
technical-writers,27-3042,Technical Writers,1,1.184001,Technical writers,felten_base_aioe,slug,AIOE_DataAppendix.xlsx,Appendix A,0.9682903035245337,0.7781155015197568
telecommunications-equipment-installers-and-repairers-except-line-installers,49-2021 | 49-2022 | 49-9052,"Radio Mechanics | Telecommunications Equipment Installers and Repairers, Except Line Installers | Telecommunications Line Installers and Repairers",3,-0.8568230666666666,Telecommunications technicians,felten_base_aioe,slug,AIOE_DataAppendix.xlsx,Appendix A,-1.2153649987429678,0.16109422492401215
tellers,43-3071,Tellers,1,0.4727723,Tellers,felten_base_aioe,slug,AIOE_DataAppendix.xlsx,Appendix A,0.2072848120435815,0.5045592705167173
tile-and-marble-setters,47-2041 | 47-2042 | 47-2043 | 47-2044,"Carpet Installers | Floor Layers, Except Carpet, Wood, and Hard Tiles | Floor Sanders and Finishers | Tile and Marble Setters",4,-1.45993825,Flooring installers and tile and stone setters,felten_base_aioe,slug,AIOE_DataAppendix.xlsx,Appendix A,-1.8606904285410173,0.03343465045592705
top-executives,11-1011 | 11-1021,Chief Executives | General and Operations Managers,2,0.95456165,Top executives,felten_base_aioe,slug,AIOE_DataAppendix.xlsx,Appendix A,0.7227931725569277,0.6595744680851063
training-and-development-managers,11-3131,Training and Development Managers,1,1.284423,Training and development managers,felten_base_aioe,slug,AIOE_DataAppendix.xlsx,Appendix A,1.0757405420561061,0.8358662613981763
training-and-development-specialists,13-1151,Training and Development Specialists,1,1.198409,Training and development specialists,felten_base_aioe,slug,AIOE_DataAppendix.xlsx,Appendix A,0.983706676796953,0.7872340425531915
transportation-storage-and-distribution-managers,11-3071,"Transportation, Storage, and Distribution Managers",1,0.8907923,"Transportation, storage, and distribution managers",felten_base_aioe,slug,AIOE_DataAppendix.xlsx,Appendix A,0.6545607945072638,0.6291793313069909
travel-agents,41-3041,Travel Agents,1,1.133598,Travel agents,felten_base_aioe,slug,AIOE_DataAppendix.xlsx,Appendix A,0.9143597467470662,0.7477203647416414
umpires-referees-and-other-sports-officials,27-2023,"Umpires, Referees, and Other Sports Officials",1,-0.0325617,"Umpires, referees, and other sports officials",felten_base_aioe,slug,AIOE_DataAppendix.xlsx,Appendix A,-0.3334160188312629,0.364741641337386
urban-and-regional-planners,19-3051,Urban and Regional Planners,1,1.227516,Urban and regional planners,felten_base_aioe,slug,AIOE_DataAppendix.xlsx,Appendix A,1.0148507895704337,0.7963525835866262
veterinarians,29-1131,Veterinarians,1,-0.0749958,Veterinarians,felten_base_aioe,slug,AIOE_DataAppendix.xlsx,Appendix A,-0.3788199558856195,0.3525835866261398
veterinary-assistants-and-laboratory-animal-caretakers,31-9096,Veterinary Assistants and Laboratory Animal Caretakers,1,-0.7735824,Veterinary assistants and laboratory animal caretakers,felten_base_aioe,slug,AIOE_DataAppendix.xlsx,Appendix A,-1.1262985642081005,0.17325227963525835
veterinary-technologists-and-technicians,29-2056,Veterinary Technologists and Technicians,1,-0.3623179,Veterinary technologists and technicians,felten_base_aioe,slug,AIOE_DataAppendix.xlsx,Appendix A,-0.6862508791931847,0.270516717325228
waiters-and-waitresses,35-3031,Waiters and Waitresses,1,-0.9481003,Waiters and waitresses,felten_base_aioe,slug,AIOE_DataAppendix.xlsx,Appendix A,-1.3130304554573198,0.13677811550151975
water-and-wastewater-treatment-plant-and-system-operators,51-8031,Water and Liquid Waste Treatment Plant and System Operators,1,-0.44501,Water and wastewater treatment plant and system operators,felten_base_aioe,slug,AIOE_DataAppendix.xlsx,Appendix A,-0.7747303545041389,0.24924012158054712
water-transportation-occupations,53-5011 | 53-5021 | 53-5022 | 53-5031,"Sailors and Marine Oilers | Captains, Mates, and Pilots of Water Vessels | Motorboat Operators | Ship Engineers",4,-0.7479503750000001,Water transportation workers,felten_base_aioe,slug,AIOE_DataAppendix.xlsx,Appendix A,-1.098872629648968,0.18541033434650456
web-developers,15-1134,Web Developers,1,1.089463,Web developers and digital designers,felten_base_aioe,slug,AIOE_DataAppendix.xlsx,Appendix A,0.8671358687363618,0.729483282674772
welders-cutters-solderers-and-brazers,51-4121,"Welders, Cutters, Solderers, and Brazers",1,-1.197596,"Welders, cutters, solderers, and brazers",felten_base_aioe,slug,AIOE_DataAppendix.xlsx,Appendix A,-1.5799876209947683,0.07598784194528875
wholesale-and-manufacturing-sales-representatives,41-4011 | 41-4012,"Sales Representatives, Wholesale and Manufacturing, Technical and Scientific Products | Sales Representatives, Wholesale and Manufacturing, Except Technical and Scientific Products",2,0.8568333,Wholesale and manufacturing sales representatives,felten_base_aioe,slug,AIOE_DataAppendix.xlsx,Appendix A,0.6182251046156698,0.6200607902735562
wind-turbine-technicians,49-9081,Wind Turbine Service Technicians,1,-0.9709935,Wind turbine technicians,felten_base_aioe,slug,AIOE_DataAppendix.xlsx,Appendix A,-1.3375258827616057,0.1276595744680851
woodworkers,51-7011 | 51-7021 | 51-7041 | 51-7042,"Cabinetmakers and Bench Carpenters | Furniture Finishers | Sawing Machine Setters, Operators, and Tenders, Wood | Woodworking Machine Setters, Operators, and Tenders, Except Sawing",4,-1.205151,Woodworkers,felten_base_aioe,slug,AIOE_DataAppendix.xlsx,Appendix A,-1.5880713730820204,0.0729483282674772
writers-and-authors,27-3043,Writers and Authors,1,0.9879274,Writers and authors,felten_base_aioe,slug,AIOE_DataAppendix.xlsx,Appendix A,0.7584940926370376,0.6778115501519757
zoologists-and-wildlife-biologists,19-1023,Zoologists and Wildlife Biologists,1,0.3175953,Zoologists and wildlife biologists,felten_base_aioe,slug,AIOE_DataAppendix.xlsx,Appendix A,0.04124743313643155,0.47416413373860183
